,ds,y,pred,mae,actual_change,pred_change,correct_pred,previous_price,previous_pred_change,future_change
0,2019-06-19,9288.5367,9388.198529228697,99.66182922869666,0,0,1,,,1.0
1,2019-06-20,9539.7883,9457.301207598002,82.48709240199787,1,1,1,9288.5367,0.0,1.0
2,2019-06-21,10232.9167,9761.39780684128,471.51889315871995,1,1,1,9539.7883,1.0,0.0
3,2019-06-22,10695.3683,9673.435932873614,1021.9323671263865,1,0,0,10232.9167,1.0,0.0
4,2019-06-23,10860.8233,9740.600737833716,1120.2225621662838,1,0,0,10695.3683,0.0,0.0
5,2019-06-24,11041.8533,9043.70255633637,1998.1507436636311,1,0,0,10860.8233,0.0,0.0
6,2019-06-25,11752.6783,9882.080645084034,1870.597654915966,1,0,0,11041.8533,0.0,0.0
7,2019-06-26,12907.135,10385.00140770009,2522.1335922999097,1,0,0,11752.6783,0.0,0.0
8,2019-06-27,11170.885,10327.924517717942,842.9604822820584,0,0,1,12907.135,0.0,0.0
9,2019-06-28,12356.2783,9724.764762825325,2631.5135371746746,1,0,0,11170.885,0.0,0.0
10,2019-06-29,11882.5083,10164.361900600103,1718.1463993998968,0,0,1,12356.2783,0.0,0.0
11,2019-06-30,10769.4217,10419.7174095572,349.7042904427999,0,0,1,11882.5083,0.0,0.0
12,2019-07-01,10599.3267,10266.970521946008,332.35617805399124,0,0,1,10769.4217,0.0,0.0
13,2019-07-02,10850.4,10181.40511405321,668.9948859467895,1,0,0,10599.3267,0.0,0.0
14,2019-07-03,11976.6317,10746.751929323818,1229.8797706761816,1,0,0,10850.4,0.0,0.0
15,2019-07-04,11151.9183,10803.62056488986,348.2977351101399,0,0,1,11976.6317,0.0,0.0
16,2019-07-05,10996.4267,10740.525466238481,255.9012337615186,0,0,1,11151.9183,0.0,1.0
17,2019-07-06,11252.4533,11008.045949358599,244.40735064140063,1,1,1,10996.4267,0.0,0.0
18,2019-07-07,11476.4083,11054.866739698893,421.5415603011061,1,0,0,11252.4533,1.0,0.0
19,2019-07-08,12294.6567,11143.561055062713,1151.0956449372861,1,0,0,11476.4083,0.0,0.0
20,2019-07-09,12563.215,11552.817470368765,1010.3975296312346,1,0,0,12294.6567,0.0,0.0
21,2019-07-10,12096.6533,11489.398798020611,607.2545019793888,0,0,1,12563.215,0.0,0.0
22,2019-07-11,11345.7717,10784.577722173548,561.1939778264514,0,0,1,12096.6533,0.0,0.0
23,2019-07-12,11789.3367,10266.762195818646,1522.5745041813534,1,0,0,11345.7717,0.0,0.0
24,2019-07-13,11350.6283,11321.783545138578,28.84475486142219,0,0,1,11789.3367,0.0,0.0
25,2019-07-14,10194.21,11229.40400493752,1035.1940049375207,0,0,1,11350.6283,0.0,0.0
26,2019-07-15,10842.4517,9905.570271075616,936.8814289243837,1,0,0,10194.21,0.0,0.0
27,2019-07-16,9422.4517,10597.575696542583,1175.123996542583,0,0,1,10842.4517,0.0,1.0
28,2019-07-17,9692.7067,10191.734596068343,499.02789606834267,1,1,1,9422.4517,0.0,1.0
29,2019-07-18,10636.91,10985.888000027264,348.978000027264,1,1,1,9692.7067,1.0,1.0
30,2019-07-19,10526.3917,11101.411334383341,575.0196343833413,0,1,0,10636.91,1.0,1.0
31,2019-07-20,10754.29,11119.11874134023,364.8287413402286,1,1,1,10526.3917,1.0,1.0
32,2019-07-21,10586.2433,11387.703693953199,801.460393953199,0,1,0,10754.29,1.0,1.0
33,2019-07-22,10325.825,11391.8863367909,1066.061336790899,0,1,0,10586.2433,1.0,1.0
34,2019-07-23,9849.82,11156.676610946224,1306.8566109462245,0,1,0,10325.825,1.0,1.0
35,2019-07-24,9771.5667,10681.067092783944,909.5003927839443,0,1,0,9849.82,1.0,1.0
36,2019-07-25,9882.1,11682.858999633247,1800.7589996332463,1,1,1,9771.5667,1.0,1.0
37,2019-07-26,9844.5583,10930.402472023146,1085.8441720231458,0,1,0,9882.1,1.0,1.0
38,2019-07-27,9466.2717,11542.079297504575,2075.807597504576,0,1,0,9844.5583,1.0,1.0
39,2019-07-28,9527.7717,10535.762390742868,1007.9906907428685,1,1,1,9466.2717,1.0,1.0
40,2019-07-29,9501.0317,10774.093801562532,1273.062101562533,0,1,0,9527.7717,1.0,1.0
41,2019-07-30,9588.6033,10940.734964896745,1352.131664896744,1,1,1,9501.0317,1.0,1.0
42,2019-07-31,10090.535,11246.71345854303,1156.1784585430305,1,1,1,9588.6033,1.0,1.0
43,2019-08-01,10405.2067,12085.371397488168,1680.1646974881678,1,1,1,10090.535,1.0,1.0
44,2019-08-02,10526.2167,12288.350365528844,1762.1336655288433,1,1,1,10405.2067,1.0,1.0
45,2019-08-03,10818.6983,12150.200932687234,1331.502632687234,1,1,1,10526.2167,1.0,1.0
46,2019-08-04,10979.3133,12243.172075229979,1263.858775229979,1,1,1,10818.6983,1.0,1.0
47,2019-08-05,11802.0167,12466.938927241303,664.9222272413026,1,1,1,10979.3133,1.0,1.0
48,2019-08-06,11467.1983,12433.87619836554,966.6778983655404,0,1,0,11802.0167,1.0,1.0
49,2019-08-07,11981.1517,11724.459877267835,256.69182273216575,1,1,1,11467.1983,1.0,1.0
50,2019-08-08,12010.8983,12304.04849681785,293.15019681784906,1,1,1,11981.1517,1.0,1.0
51,2019-08-09,11868.7533,12477.619915912772,608.8666159127715,0,1,0,12010.8983,1.0,1.0
52,2019-08-10,11289.49,12265.579802340515,976.0898023405152,0,1,0,11868.7533,1.0,1.0
53,2019-08-11,11561.71,11906.012547713539,344.30254771353975,1,1,1,11289.49,1.0,1.0
54,2019-08-12,11396.5433,12115.269672100412,718.7263721004128,0,1,0,11561.71,1.0,1.0
55,2019-08-13,10875.3483,12060.897897271992,1185.5495972719928,0,1,0,11396.5433,1.0,0.0
56,2019-08-14,10036.1867,10734.173843806337,697.9871438063365,0,0,1,10875.3483,1.0,1.0
57,2019-08-15,10307.895,10725.226599695105,417.33159969510416,1,1,1,10036.1867,0.0,1.0
58,2019-08-16,10358.7683,11626.73123099384,1267.962930993841,1,1,1,10307.895,1.0,1.0
59,2019-08-17,10220.6033,11196.547996604615,975.9446966046144,0,1,0,10358.7683,1.0,1.0
60,2019-08-18,10321.7317,11010.962830050114,689.2311300501133,1,1,1,10220.6033,1.0,1.0
61,2019-08-19,10924.965,11635.776320675675,710.8113206756752,1,1,1,10321.7317,1.0,1.0
62,2019-08-20,10776.9083,11971.177422070516,1194.2691220705165,0,1,0,10924.965,1.0,1.0
63,2019-08-21,10133.3483,10853.594061590205,720.2457615902058,0,1,0,10776.9083,1.0,1.0
64,2019-08-22,10113.2,10645.759126205778,532.5591262057769,0,1,0,10133.3483,1.0,1.0
65,2019-08-23,10406.7433,11864.063659504733,1457.3203595047326,1,1,1,10113.2,1.0,1.0
66,2019-08-24,10147.7633,12021.53735045004,1873.7740504500398,0,1,0,10406.7433,1.0,1.0
67,2019-08-25,10138.6683,11811.602806652652,1672.934506652653,0,1,0,10147.7633,1.0,1.0
68,2019-08-26,10365.1783,12107.061425356538,1741.8831253565386,1,1,1,10138.6683,1.0,1.0
69,2019-08-27,10177.9267,11694.74799747826,1516.82129747826,0,1,0,10365.1783,1.0,1.0
70,2019-08-28,9723.805,11611.734152541823,1887.929152541823,0,1,0,10177.9267,1.0,1.0
71,2019-08-29,9500.6367,11247.92195524372,1747.2852552437216,0,1,0,9723.805,1.0,1.0
72,2019-08-30,9588.0717,11667.294670100126,2079.222970100125,1,1,1,9500.6367,1.0,1.0
73,2019-08-31,9608.6467,11286.93673561414,1678.29003561414,1,1,1,9588.0717,1.0,1.0
74,2019-09-01,9773.3417,11396.567337178047,1623.2256371780459,1,1,1,9608.6467,1.0,1.0
75,2019-09-02,10386.915,11609.488647395448,1222.5736473954476,1,1,1,9773.3417,1.0,1.0
76,2019-09-03,10634.6433,12216.143784653195,1581.5004846531956,1,1,1,10386.915,1.0,1.0
77,2019-09-04,10583.6617,12211.877897963008,1628.2161979630073,0,1,0,10634.6433,1.0,1.0
78,2019-09-05,10580.27,12117.94905709149,1537.679057091489,0,1,0,10583.6617,1.0,1.0
79,2019-09-06,10308.0367,12233.274801955713,1925.2381019557124,0,1,0,10580.27,1.0,1.0
80,2019-09-07,10488.41,11845.741832649494,1357.3318326494937,1,1,1,10308.0367,1.0,1.0
81,2019-09-08,10404.6433,11964.63312081979,1559.98982081979,0,1,0,10488.41,1.0,1.0
82,2019-09-09,10314.9717,11963.473934849317,1648.5022348493167,0,1,0,10404.6433,1.0,1.0
83,2019-09-10,10107.7217,11979.344910331674,1871.6232103316743,0,1,0,10314.9717,1.0,1.0
84,2019-09-11,10164.0867,11608.641530794175,1444.5548307941754,1,1,1,10107.7217,1.0,1.0
85,2019-09-12,10433.5567,11799.027482240814,1365.4707822408145,1,1,1,10164.0867,1.0,1.0
86,2019-09-13,10372.5533,11644.824180419446,1272.2708804194463,0,1,0,10433.5567,1.0,1.0
87,2019-09-14,10365.4467,11753.080570516053,1387.6338705160524,0,1,0,10372.5533,1.0,1.0
88,2019-09-15,10312.6683,11745.649551723152,1432.981251723153,0,1,0,10365.4467,1.0,1.0
89,2019-09-16,10271.015,11772.084633560951,1501.0696335609518,0,1,0,10312.6683,1.0,1.0
90,2019-09-17,10199.905,11740.770467839611,1540.8654678396106,0,1,0,10271.015,1.0,1.0
91,2019-09-18,10165.3267,11665.12514863332,1499.7984486333207,0,1,0,10199.905,1.0,1.0
92,2019-09-19,10282.6567,11295.639135436028,1012.982435436028,1,1,1,10165.3267,1.0,1.0
93,2019-09-20,10179.955,11753.003196941208,1573.0481969412085,0,1,0,10282.6567,1.0,1.0
94,2019-09-21,9989.755,11390.031359163238,1400.2763591632392,0,1,0,10179.955,1.0,1.0
95,2019-09-22,10036.7067,11442.945408574735,1406.2387085747341,1,1,1,9989.755,1.0,1.0
96,2019-09-23,9694.5067,11471.685813226417,1777.179113226417,0,1,0,10036.7067,1.0,1.0
97,2019-09-24,8538.105,11295.579331160834,2757.4743311608345,0,1,0,9694.5067,1.0,1.0
98,2019-09-25,8449.9167,10557.707182939783,2107.790482939783,0,1,0,8538.105,1.0,1.0
99,2019-09-26,8075.9667,10350.423551455944,2274.456851455944,0,1,0,8449.9167,1.0,1.0
100,2019-09-27,8200.2833,10765.01533373564,2564.7320337356414,1,1,1,8075.9667,1.0,1.0
101,2019-09-28,8221.3783,10835.929419955635,2614.551119955635,1,1,1,8200.2833,1.0,1.0
102,2019-09-29,8067.2683,10861.487312699872,2794.219012699872,0,1,0,8221.3783,1.0,1.0
103,2019-09-30,8316.8767,10719.961140233043,2403.084440233042,1,1,1,8067.2683,1.0,1.0
104,2019-10-01,8326.58,10928.25494117598,2601.6749411759793,1,1,1,8316.8767,1.0,1.0
105,2019-10-02,8395.2183,10865.315607572391,2470.0973075723905,1,1,1,8326.58,1.0,1.0
106,2019-10-03,8246.5417,10660.5959917841,2414.0542917840994,0,1,0,8395.2183,1.0,1.0
107,2019-10-04,8161.3483,10376.866256471965,2215.5179564719656,0,1,0,8246.5417,1.0,1.0
108,2019-10-05,8153.9767,10207.39436578316,2053.4176657831604,0,1,0,8161.3483,1.0,1.0
109,2019-10-06,7868.34,10334.050240046909,2465.7102400469084,0,1,0,8153.9767,1.0,1.0
110,2019-10-07,8217.6333,10045.841771675356,1828.2084716753561,1,1,1,7868.34,1.0,1.0
111,2019-10-08,8191.0717,10441.305453496927,2250.2337534969265,0,1,0,8217.6333,1.0,1.0
112,2019-10-09,8596.4533,10277.37229678112,1680.9189967811217,1,1,1,8191.0717,1.0,1.0
113,2019-10-10,8590.3733,10329.946056191096,1739.5727561910971,0,1,0,8596.4533,1.0,1.0
114,2019-10-11,8272.395,10109.416726969792,1837.0217269697914,0,1,0,8590.3733,1.0,1.0
115,2019-10-12,8311.8117,9937.981005275164,1626.1693052751634,1,1,1,8272.395,1.0,1.0
116,2019-10-13,8290.9717,10080.899586363677,1789.9278863636773,0,1,0,8311.8117,1.0,1.0
117,2019-10-14,8362.0733,9843.798420299112,1481.725120299112,1,1,1,8290.9717,1.0,1.0
118,2019-10-15,8171.27,9836.467934890794,1665.1979348907935,0,1,0,8362.0733,1.0,1.0
119,2019-10-16,8002.8483,9603.67082768223,1600.8225276822304,0,1,0,8171.27,1.0,1.0
120,2019-10-17,8081.3133,9359.006997077553,1277.6936970775532,1,1,1,8002.8483,1.0,1.0
121,2019-10-18,7966.2667,9559.609006585244,1593.342306585244,0,1,0,8081.3133,1.0,1.0
122,2019-10-19,7974.0883,9185.564570452487,1211.4762704524865,1,1,1,7966.2667,1.0,1.0
123,2019-10-20,8242.8633,9231.44888209289,988.5855820928882,1,1,1,7974.0883,1.0,1.0
124,2019-10-21,8221.3733,9331.367678414907,1109.9943784149073,0,1,0,8242.8633,1.0,1.0
125,2019-10-22,8034.545,9150.019594238276,1115.474594238276,0,1,0,8221.3733,1.0,1.0
126,2019-10-23,7478.905,8676.074917341379,1197.169917341379,0,1,0,8034.545,1.0,1.0
127,2019-10-24,7435.8467,8356.992327606573,921.1456276065728,0,1,0,7478.905,1.0,1.0
128,2019-10-25,8671.5083,8538.030788736385,133.47751126361436,1,1,1,7435.8467,1.0,1.0
129,2019-10-26,9261.9983,9144.409849433698,117.58845056630162,1,1,1,8671.5083,1.0,0.0
130,2019-10-27,9555.305,8856.19730422063,699.1076957793703,1,0,0,9261.9983,1.0,0.0
131,2019-10-28,9223.2067,9080.71196563383,142.49473436617154,0,0,1,9555.305,0.0,1.0
132,2019-10-29,9437.585,9264.449225116952,173.1357748830469,1,1,1,9223.2067,0.0,0.0
133,2019-10-30,9170.285,9042.485555079733,127.79944492026698,0,0,1,9437.585,1.0,0.0
134,2019-10-31,9164.365,9006.767966300975,157.5970336990249,0,0,1,9170.285,0.0,0.0
135,2019-11-01,9265.4317,8857.063335325067,408.3683646749323,1,0,0,9164.365,0.0,0.0
136,2019-11-02,9312.36,8749.021161697694,563.3388383023066,1,0,0,9265.4317,0.0,0.0
137,2019-11-03,9211.6,9067.985305045742,143.61469495425808,0,0,1,9312.36,0.0,0.0
138,2019-11-04,9424.185,8809.007865915626,615.1771340843734,1,0,0,9211.6,0.0,0.0
139,2019-11-05,9326.6033,8923.812291509657,402.7910084903433,0,0,1,9424.185,0.0,0.0
140,2019-11-06,9345.69,8954.73248819564,390.9575118043613,1,0,0,9326.6033,0.0,0.0
141,2019-11-07,9205.8083,8778.530507215295,427.2777927847055,0,0,1,9345.69,0.0,0.0
142,2019-11-08,8770.3617,8304.30231549712,466.05938450287977,0,0,1,9205.8083,0.0,0.0
143,2019-11-09,8813.3567,8169.156004693916,644.2006953060845,1,0,0,8770.3617,0.0,0.0
144,2019-11-10,9044.7817,8353.518293688709,691.263406311291,1,0,0,8813.3567,0.0,0.0
145,2019-11-11,8726.36,8407.657578539403,318.7024214605972,0,0,1,9044.7817,0.0,0.0
146,2019-11-12,8820.2333,8450.499744643324,369.7335553566754,1,0,0,8726.36,0.0,0.0
147,2019-11-13,8775.1017,8329.525727829561,445.57597217043804,0,0,1,8820.2333,0.0,0.0
148,2019-11-14,8639.1833,8407.817133692257,231.3661663077437,0,0,1,8775.1017,0.0,0.0
149,2019-11-15,8471.2783,8198.3554903851,272.92280961489996,0,0,1,8639.1833,0.0,0.0
150,2019-11-16,8496.6,8189.068357996655,307.53164200334504,1,0,0,8471.2783,0.0,0.0
151,2019-11-17,8516.08,8046.227505918812,469.8524940811876,1,0,0,8496.6,0.0,0.0
152,2019-11-18,8191.0667,8246.073347243777,55.00664724377657,0,0,1,8516.08,0.0,0.0
153,2019-11-19,8136.2767,7848.9289066121,287.3477933879003,0,0,1,8191.0667,0.0,0.0
154,2019-11-20,8098.3183,8020.184755567385,78.13354443261505,0,0,1,8136.2767,0.0,0.0
155,2019-11-21,7633.95,7798.000204381861,164.05020438186148,0,0,1,8098.3183,0.0,0.0
156,2019-11-22,7292.74,7476.531372493865,183.7913724938653,0,0,1,7633.95,0.0,1.0
157,2019-11-23,7335.3217,7529.627852042258,194.30615204225796,1,1,1,7292.74,0.0,0.0
158,2019-11-24,6924.8483,7315.0523276927615,390.2040276927619,0,0,1,7335.3217,1.0,1.0
159,2019-11-25,7136.7617,7139.80840052643,3.0467005264299587,1,1,1,6924.8483,0.0,1.0
160,2019-11-26,7175.5267,7264.802598946646,89.27589894664561,1,1,1,7136.7617,1.0,1.0
161,2019-11-27,7531.8283,7374.248777834135,157.57952216586546,1,1,1,7175.5267,1.0,1.0
162,2019-11-28,7442.2967,7647.94666780156,205.6499678015598,0,1,0,7531.8283,1.0,1.0
163,2019-11-29,7770.54,7544.890386801848,225.6496131981521,1,1,1,7442.2967,1.0,0.0
164,2019-11-30,7571.4083,7753.922484907264,182.51418490726428,0,0,1,7770.54,1.0,0.0
165,2019-12-01,7420.8417,7368.510099338821,52.33160066117853,0,0,1,7571.4083,0.0,1.0
166,2019-12-02,7320.8167,7438.128412332726,117.31171233272562,0,1,0,7420.8417,0.0,1.0
167,2019-12-03,7312.8833,7574.2371665578385,261.35386655783805,0,1,0,7320.8167,1.0,0.0
168,2019-12-04,7211.35,7098.791712176078,112.558287823922,0,0,1,7312.8833,1.0,0.0
169,2019-12-05,7404.4033,7145.3936945011865,259.00960549881347,1,0,0,7211.35,0.0,1.0
170,2019-12-06,7556.8817,7423.057684957057,133.82401504294285,1,1,1,7404.4033,0.0,0.0
171,2019-12-07,7517.2,7556.4527140159735,39.25271401597365,0,0,1,7556.8817,1.0,0.0
172,2019-12-08,7539.52,7477.819192782459,61.700807217541296,1,0,0,7517.2,0.0,0.0
173,2019-12-09,7351.3367,7537.996607278448,186.65990727844837,0,0,1,7539.52,0.0,0.0
174,2019-12-10,7232.8433,7229.247982408148,3.5953175918521083,0,0,1,7351.3367,0.0,0.0
175,2019-12-11,7213.4767,7107.996828880334,105.47987111966631,0,0,1,7232.8433,0.0,0.0
176,2019-12-12,7199.51,7095.64019549995,103.86980450005012,0,0,1,7213.4767,0.0,0.0
177,2019-12-13,7263.045,7093.9226704445555,169.1223295554446,1,0,0,7199.51,0.0,0.0
178,2019-12-14,7077.1517,7152.022864405388,74.87116440538739,0,0,1,7263.045,0.0,0.0
179,2019-12-15,7125.8167,6821.823514856004,303.993185143996,1,0,0,7077.1517,0.0,0.0
180,2019-12-16,6893.2367,7097.88145178786,204.6447517878596,0,0,1,7125.8167,0.0,0.0
181,2019-12-17,6633.3717,6593.695127568464,39.67657243153553,0,0,1,6893.2367,0.0,0.0
182,2019-12-18,7299.7367,6633.01712779831,666.7195722016904,1,0,0,6633.3717,0.0,0.0
183,2019-12-19,7161.965,6789.259155466996,372.705844533004,0,0,1,7299.7367,0.0,0.0
184,2019-12-20,7198.785,6978.737056226288,220.04794377371218,1,0,0,7161.965,0.0,0.0
185,2019-12-21,7150.9133,6793.216862054,357.6964379460005,0,0,1,7198.785,0.0,0.0
186,2019-12-22,7520.0433,6842.9579635053,677.0853364947006,1,0,0,7150.9133,0.0,0.0
187,2019-12-23,7324.495,7210.4007099048995,114.0942900951004,0,0,1,7520.0433,0.0,0.0
188,2019-12-24,7261.025,6850.780721636196,410.24427836380346,0,0,1,7324.495,0.0,0.0
189,2019-12-25,7204.0217,6868.3636820587235,335.65801794127674,0,0,1,7261.025,0.0,0.0
190,2019-12-26,7205.8033,7095.4091408445065,110.39415915549307,1,0,0,7204.0217,0.0,0.0
191,2019-12-27,7259.67,7050.30100283902,209.36899716098014,1,0,0,7205.8033,0.0,0.0
192,2019-12-28,7313.6933,7160.449703460159,153.24359653984084,1,0,0,7259.67,0.0,0.0
193,2019-12-29,7397.535,7141.618171347868,255.9168286521317,1,0,0,7313.6933,0.0,0.0
194,2019-12-30,7234.615,7228.546787307451,6.068212692548514,0,0,1,7397.535,0.0,1.0
195,2019-12-31,7182.4017,7390.241718743015,207.8400187430143,0,1,0,7234.615,0.0,1.0
196,2020-01-01,7188.4633,7436.543181946359,248.0798819463589,1,1,1,7182.4017,1.0,0.0
197,2020-01-02,6961.5683,7020.164225577789,58.595925577788876,0,0,1,7188.4633,1.0,1.0
198,2020-01-03,7346.58,7277.245471553533,69.33452844646672,1,1,1,6961.5683,0.0,0.0
199,2020-01-04,7355.855,6749.014280014377,606.8407199856229,1,0,0,7346.58,1.0,0.0
200,2020-01-05,7356.3117,6835.4542062008695,520.8574937991307,1,0,0,7355.855,0.0,0.0
201,2020-01-06,7761.825,7197.1052656636375,564.7197343363623,1,0,0,7356.3117,0.0,0.0
202,2020-01-07,8157.7617,7211.980806421166,945.7808935788344,1,0,0,7761.825,0.0,0.0
203,2020-01-08,8042.8733,7429.469317735441,613.4039822645591,0,0,1,8157.7617,0.0,0.0
204,2020-01-09,7816.9233,7168.584229688928,648.3390703110726,0,0,1,8042.8733,0.0,0.0
205,2020-01-10,8189.265,7094.911975457926,1094.3530245420743,1,0,0,7816.9233,0.0,0.0
206,2020-01-11,8016.4267,7403.123864182917,613.3028358170832,0,0,1,8189.265,0.0,0.0
207,2020-01-12,8178.8833,7347.736859850221,831.1464401497797,1,0,0,8016.4267,0.0,0.0
208,2020-01-13,8105.4783,7424.326015567494,681.1522844325054,0,0,1,8178.8833,0.0,0.0
209,2020-01-14,8807.4267,7704.381549159491,1103.0451508405085,1,0,0,8105.4783,0.0,0.0
210,2020-01-15,8808.4867,7509.4674425780495,1299.01925742195,1,0,0,8807.4267,0.0,0.0
211,2020-01-16,8716.9133,7601.834984894911,1115.0783151050891,0,0,1,8808.4867,0.0,0.0
212,2020-01-17,8890.25,7602.427147878909,1287.8228521210913,1,0,0,8716.9133,0.0,0.0
213,2020-01-18,8901.17,7405.981900147339,1495.1880998526613,1,0,0,8890.25,0.0,0.0
214,2020-01-19,8698.5717,7407.067106104722,1291.504593895278,0,0,1,8901.17,0.0,0.0
215,2020-01-20,8631.2883,7217.5167913086025,1413.7715086913977,0,0,1,8698.5717,0.0,0.0
216,2020-01-21,8727.6033,7435.4570007627335,1292.1462992372672,1,0,0,8631.2883,0.0,0.0
217,2020-01-22,8661.01,7578.29158146927,1082.7184185307306,0,0,1,8727.6033,0.0,0.0
218,2020-01-23,8392.145,7353.612496022029,1038.5325039779718,0,0,1,8661.01,0.0,0.0
219,2020-01-24,8436.49,7237.469582621882,1199.0204173781176,1,0,0,8392.145,0.0,0.0
220,2020-01-25,8337.1017,7363.556856130915,973.5448438690846,0,0,1,8436.49,0.0,0.0
221,2020-01-26,8602.7417,7554.63417335892,1048.1075266410808,1,0,0,8337.1017,0.0,0.0
222,2020-01-27,8901.5067,7684.670589407998,1216.8361105920021,1,0,0,8602.7417,0.0,0.0
223,2020-01-28,9393.2733,7848.624083523773,1544.6492164762276,1,0,0,8901.5067,0.0,0.0
224,2020-01-29,9290.46,7996.05089941905,1294.4091005809487,0,0,1,9393.2733,0.0,0.0
225,2020-01-30,9508.725,7928.752726705083,1579.9722732949176,1,0,0,9290.46,0.0,0.0
226,2020-01-31,9346.1333,7942.209288966893,1403.9240110331066,0,0,1,9508.725,0.0,0.0
227,2020-02-01,9388.6617,7898.2631218428305,1490.39857815717,1,0,0,9346.1333,0.0,0.0
228,2020-02-02,9333.08,9127.44966423186,205.63033576813905,0,0,1,9388.6617,0.0,0.0
229,2020-02-03,9291.6433,9235.591208642762,56.05209135723817,0,0,1,9333.08,0.0,0.0
230,2020-02-04,9175.3367,8991.577989648998,183.75871035100135,0,0,1,9291.6433,0.0,0.0
231,2020-02-05,9613.4033,9016.901475886247,596.5018241137532,1,0,0,9175.3367,0.0,0.0
232,2020-02-06,9750.5467,9321.4265834764,429.1201165236016,1,0,0,9613.4033,0.0,0.0
233,2020-02-07,9808.5967,9218.851079403497,589.7456205965027,1,0,0,9750.5467,0.0,0.0
234,2020-02-08,9897.6583,9177.746773893276,719.9115261067236,1,0,0,9808.5967,0.0,0.0
235,2020-02-09,10161.2833,9454.521754470763,706.7615455292362,1,0,0,9897.6583,0.0,0.0
236,2020-02-10,9852.7183,9389.097229354307,463.6210706456932,0,0,1,10161.2833,0.0,0.0
237,2020-02-11,10266.1,9319.06032744594,947.0396725540595,1,0,0,9852.7183,0.0,0.0
238,2020-02-12,10347.9517,9940.547153883992,407.4045461160076,1,0,0,10266.1,0.0,0.0
239,2020-02-13,10230.0783,9899.588402702426,330.4898972975734,0,0,1,10347.9517,0.0,0.0
240,2020-02-14,10356.7567,10208.717985970117,148.0387140298826,1,0,0,10230.0783,0.0,0.0
241,2020-02-15,9903.0217,10140.272695274418,237.25099527441853,0,0,1,10356.7567,0.0,0.0
242,2020-02-16,9926.2,9821.954984370348,104.2450156296527,1,0,0,9903.0217,0.0,0.0
243,2020-02-17,9706.08,9624.153404378096,81.9265956219042,0,0,1,9926.2,0.0,1.0
244,2020-02-18,10185.8767,10134.467201281135,51.40949871886551,1,1,1,9706.08,0.0,0.0
245,2020-02-19,9593.48,10090.047211077006,496.5672110770065,0,0,1,10185.8767,1.0,1.0
246,2020-02-20,9607.31,9786.385517487965,179.07551748796504,1,1,1,9593.48,0.0,1.0
247,2020-02-21,9695.5583,9959.639997225382,264.0816972253815,1,1,1,9607.31,1.0,1.0
248,2020-02-22,9667.8433,9708.633353363282,40.79005336328191,0,1,0,9695.5583,1.0,1.0
249,2020-02-23,9973.2733,10053.046931017756,79.77363101775518,1,1,1,9667.8433,1.0,0.0
250,2020-02-24,9664.6333,9911.78776527741,247.15446527741005,0,0,1,9973.2733,1.0,1.0
251,2020-02-25,9313.92,9870.862847830997,556.9428478309965,0,1,0,9664.6333,0.0,1.0
252,2020-02-26,8790.12,9614.297937466845,824.177937466844,0,1,0,9313.92,1.0,1.0
253,2020-02-27,8816.585,9585.300010789526,768.7150107895268,1,1,1,8790.12,1.0,1.0
254,2020-02-28,8715.6617,9636.147729796947,920.4860297969462,0,1,0,8816.585,1.0,1.0
255,2020-02-29,8538.3983,9481.281960477043,942.8836604770422,0,1,0,8715.6617,1.0,1.0
256,2020-03-01,8540.2567,9534.747364242488,994.4906642424885,1,1,1,8538.3983,1.0,1.0
257,2020-03-02,8926.2517,9461.401224747438,535.1495247474377,1,1,1,8540.2567,1.0,1.0
258,2020-03-03,8768.18,9405.766528179998,637.5865281799979,0,1,0,8926.2517,1.0,1.0
259,2020-03-04,8767.8867,9395.882261067545,627.9955610675461,0,1,0,8768.18,1.0,1.0
260,2020-03-05,9073.275,9482.136628139166,408.861628139166,1,1,1,8767.8867,1.0,1.0
261,2020-03-06,9165.1517,9099.99147463666,65.16022536334094,1,1,1,9073.275,1.0,0.0
262,2020-03-07,8905.9517,9073.823918352224,167.87221835222408,0,0,1,9165.1517,1.0,0.0
263,2020-03-08,8050.1883,8564.802459075137,514.6141590751376,0,0,1,8905.9517,0.0,0.0
264,2020-03-09,7944.45,7610.877428025968,333.57257197403214,0,0,1,8050.1883,0.0,0.0
265,2020-03-10,7899.2267,7836.039695711507,63.18700428849297,0,0,1,7944.45,0.0,1.0
266,2020-03-11,7951.17,8022.944115967584,71.7741159675843,1,1,1,7899.2267,0.0,0.0
267,2020-03-12,4914.085,7350.380561297849,2436.2955612978494,0,0,1,7951.17,1.0,1.0
268,2020-03-13,5629.5767,6797.989530545154,1168.412830545154,1,1,1,4914.085,0.0,1.0
269,2020-03-14,5182.3217,6429.23334256573,1246.9116425657294,0,1,0,5629.5767,1.0,1.0
270,2020-03-15,5360.06,6403.2331633292915,1043.1731633292911,1,1,1,5182.3217,1.0,1.0
271,2020-03-16,5043.6783,5802.129817036589,758.4515170365894,0,1,0,5360.06,1.0,1.0
272,2020-03-17,5337.0933,5827.774524924192,490.68122492419116,1,1,1,5043.6783,1.0,1.0
273,2020-03-18,5411.6217,5584.370146453573,172.7484464535737,1,1,1,5337.0933,1.0,1.0
274,2020-03-19,6180.27,5642.1777696519175,538.0922303480829,1,1,1,5411.6217,1.0,0.0
275,2020-03-20,6206.6117,5530.609367982484,676.002332017516,1,0,0,6180.27,1.0,0.0
276,2020-03-21,6197.6183,5157.160442164779,1040.4578578352211,0,0,1,6206.6117,0.0,0.0
277,2020-03-22,5803.67,5321.512428947333,482.15757105266675,0,0,1,6197.6183,0.0,0.0
278,2020-03-23,6492.94,5246.109381133482,1246.8306188665174,1,0,0,5803.67,0.0,0.0
279,2020-03-24,6766.7817,5333.003745383432,1433.7779546165675,1,0,0,6492.94,0.0,0.0
280,2020-03-25,6687.705,5469.897021732758,1217.807978267242,0,0,1,6766.7817,0.0,0.0
281,2020-03-26,6709.95,5440.044324569424,1269.9056754305757,1,0,0,6687.705,0.0,0.0
282,2020-03-27,6698.73,5730.853060130225,967.876939869775,0,0,1,6709.95,0.0,0.0
283,2020-03-28,6226.545,5551.560826972416,674.9841730275839,0,0,1,6698.73,0.0,0.0
284,2020-03-29,5882.0067,5901.577486701204,19.57078670120427,0,0,1,6226.545,0.0,0.0
285,2020-03-30,6568.805,5821.664995695229,747.1400043047715,1,0,0,5882.0067,0.0,0.0
286,2020-03-31,6449.95,6117.153864304994,332.79613569500543,0,0,1,6568.805,0.0,0.0
287,2020-04-01,6671.95,6068.834568052932,603.1154319470679,1,0,0,6449.95,0.0,0.0
288,2020-04-02,6833.05,6264.348854134567,568.7011458654333,1,0,0,6671.95,0.0,0.0
289,2020-04-03,6740.075,6551.914768337563,188.16023166243667,0,0,1,6833.05,0.0,0.0
290,2020-04-04,6872.915,6149.377853418182,723.537146581818,1,0,0,6740.075,0.0,0.0
291,2020-04-05,6778.61,6550.665798508195,227.94420149180496,0,0,1,6872.915,0.0,0.0
292,2020-04-06,7297.75,6571.326452407844,726.423547592156,1,0,0,6778.61,0.0,0.0
293,2020-04-07,7360.37,6771.4973390999785,588.8726609000214,1,0,0,7297.75,0.0,0.0
294,2020-04-08,7341.15,6985.771283778209,355.37871622179046,0,0,1,7360.37,0.0,0.0
295,2020-04-09,7314.95,7011.333002681737,303.6169973182632,0,0,1,7341.15,0.0,0.0
296,2020-04-10,6909.95,6981.6573356432455,71.70733564324564,0,0,1,7314.95,0.0,0.0
297,2020-04-11,6814.05,6726.98965574688,87.06034425312009,0,0,1,6909.95,0.0,1.0
298,2020-04-12,7143.45,6942.020101489497,201.42989851050243,1,1,1,6814.05,0.0,0.0
299,2020-04-13,6763.065,7043.649318318778,280.58431831877806,0,0,1,7143.45,1.0,1.0
300,2020-04-14,6885.1,7132.522763194585,247.42276319458506,1,1,1,6763.065,0.0,1.0
301,2020-04-15,6727.15,7298.82039317262,571.6703931726206,0,1,0,6885.1,1.0,1.0
302,2020-04-16,7055.8225,7156.588024284114,100.76552428411378,1,1,1,6727.15,1.0,1.0
303,2020-04-17,7086.85,7368.943909750838,282.09390975083807,1,1,1,7055.8225,1.0,1.0
304,2020-04-18,7226.61,7447.206319402118,220.59631940211875,1,1,1,7086.85,1.0,0.0
305,2020-04-19,7170.65,7214.972738182596,44.32273818259637,0,0,1,7226.61,1.0,0.0
306,2020-04-20,6896.31,6927.238771572614,30.928771572613186,0,0,1,7170.65,0.0,1.0
307,2020-04-21,6856.8,7047.982178712131,191.18217871213074,0,1,0,6896.31,0.0,1.0
308,2020-04-22,7137.85,7225.3698883354045,87.51988833540418,1,1,1,6856.8,1.0,1.0
309,2020-04-23,7556.95,7362.8005537299705,194.14944627002933,1,1,1,7137.85,1.0,1.0
310,2020-04-24,7502.9,7615.480604477509,112.58060447750904,0,1,0,7556.95,1.0,1.0
311,2020-04-25,7598.605,7636.135010479752,37.53001047975249,1,1,1,7502.9,1.0,0.0
312,2020-04-26,7602.64,7517.620058179302,85.01994182069848,1,0,0,7598.605,1.0,1.0
313,2020-04-27,7674.375,7724.088625891448,49.71362589144792,1,1,1,7602.64,0.0,0.0
314,2020-04-28,7724.15,7568.32459936616,155.8254006338393,1,0,0,7674.375,1.0,1.0
315,2020-04-29,8273.45,7895.0120861689675,378.43791383103326,1,1,1,7724.15,0.0,1.0
316,2020-04-30,8740.75,8275.022678589468,465.72732141053166,1,1,1,8273.45,1.0,0.0
317,2020-05-01,8771.5725,8106.394293550196,665.1782064498038,1,0,0,8740.75,1.0,0.0
318,2020-05-02,8891.445,8381.070709198388,510.374290801612,1,0,0,8771.5725,0.0,0.0
319,2020-05-03,8819.01,8489.530587956551,329.479412043449,0,0,1,8891.445,0.0,0.0
320,2020-05-04,8801.36,8516.110206777676,285.249793222325,0,0,1,8819.01,0.0,0.0
321,2020-05-05,8900.3,8646.573017566901,253.72698243309787,1,0,0,8801.36,0.0,1.0
322,2020-05-06,9248.9475,8903.703728798657,345.2437712013434,1,1,1,8900.3,0.0,0.0
323,2020-05-07,9375.95,9240.450276306145,135.49972369385614,1,0,0,9248.9475,1.0,1.0
324,2020-05-08,9986.6675,9732.125792937673,254.54170706232617,1,1,1,9375.95,0.0,0.0
325,2020-05-09,9740.815,9595.475283661339,145.33971633866167,0,0,1,9986.6675,1.0,0.0
326,2020-05-10,8465.45,9423.967642495474,958.5176424954734,0,0,1,9740.815,0.0,1.0
327,2020-05-11,8857.0625,9536.882421039454,679.8199210394541,1,1,1,8465.45,0.0,1.0
328,2020-05-12,8729.95,9202.737053373612,472.78705337361134,0,1,0,8857.0625,1.0,1.0
329,2020-05-13,9099.2,9338.320378642842,239.1203786428414,1,1,1,8729.95,1.0,1.0
330,2020-05-14,9582.5825,9253.438753575907,329.1437464240935,1,1,1,9099.2,1.0,1.0
331,2020-05-15,9523.595,9632.851062611688,109.25606261168832,0,1,0,9582.5825,1.0,0.0
332,2020-05-16,9465.05,9319.152830109924,145.89716989007502,0,0,1,9523.595,1.0,1.0
333,2020-05-17,9775.125,9475.294209501391,299.8307904986086,1,1,1,9465.05,0.0,1.0
334,2020-05-18,9636.55,9921.262157875402,284.71215787540314,0,1,0,9775.125,1.0,1.0
335,2020-05-19,9789.75,9824.302416569302,34.552416569302295,1,1,1,9636.55,1.0,1.0
336,2020-05-20,9772.205,9903.391378856535,131.18637885653516,0,1,0,9789.75,1.0,0.0
337,2020-05-21,9335.15,9642.151228073486,307.00122807348635,0,0,1,9772.205,1.0,1.0
338,2020-05-22,9177.8,9848.765659486697,670.9656594866974,0,1,0,9335.15,0.0,1.0
339,2020-05-23,9186.8317,9367.274016020114,180.44231602011314,1,1,1,9177.8,1.0,1.0
340,2020-05-24,9203.13,9226.56614318126,23.436143181261286,1,1,1,9186.8317,1.0,1.0
341,2020-05-25,8776.34,9227.907909721584,451.5679097215834,0,1,0,9203.13,1.0,1.0
342,2020-05-26,8871.05,9124.293109637187,253.24310963718744,1,1,1,8776.34,1.0,1.0
343,2020-05-27,8923.05,9097.37519673923,174.32519673923161,1,1,1,8871.05,1.0,1.0
344,2020-05-28,9207.95,9195.485646243535,12.464353756466153,1,1,1,8923.05,1.0,1.0
345,2020-05-29,9448.365,9617.219338252893,168.85433825289329,1,1,1,9207.95,1.0,1.0
346,2020-05-30,9550.815,9522.77809583382,28.03690416617974,1,1,1,9448.365,1.0,0.0
347,2020-05-31,9545.15,9525.057889077918,20.0921109220817,0,0,1,9550.815,1.0,0.0
348,2020-06-01,9564.95,9447.49587624098,117.45412375902015,1,0,0,9545.15,0.0,1.0
349,2020-06-02,10136.5,9594.485721011844,542.0142789881556,1,1,1,9564.95,0.0,0.0
350,2020-06-03,9594.45,9208.658946400365,385.79105359963614,0,0,1,10136.5,1.0,0.0
351,2020-06-04,9529.55,9578.109069029917,48.55906902991774,0,0,1,9594.45,0.0,1.0
352,2020-06-05,9836.805,9568.704258695514,268.1007413044863,1,1,1,9529.55,0.0,0.0
353,2020-06-06,9679.75,9367.23600711322,312.5139928867793,0,0,1,9836.805,1.0,0.0
354,2020-06-07,9621.55,9500.544898233502,121.00510176649732,0,0,1,9679.75,0.0,1.0
355,2020-06-08,9730.365,9637.62298092479,92.7420190752091,1,1,1,9621.55,0.0,0.0
356,2020-06-09,9668.96,9578.250806151376,90.70919384862282,0,0,1,9730.365,1.0,1.0
357,2020-06-10,9731.05,9820.987395676058,89.93739567605917,1,1,1,9668.96,0.0,0.0
358,2020-06-11,9797.5,9425.947250736075,371.55274926392485,1,0,0,9731.05,1.0,0.0
359,2020-06-12,9475.95,9176.04959222106,299.90040777894137,0,0,1,9797.5,0.0,0.0
360,2020-06-13,9432.3875,9214.025788641564,218.36171135843688,0,0,1,9475.95,0.0,0.0
361,2020-06-14,9421.895,9345.612692026612,76.28230797338801,0,0,1,9432.3875,0.0,0.0
362,2020-06-15,9137.25,9104.38638315711,32.863616842889314,0,0,1,9421.895,0.0,1.0
363,2020-06-16,9490.7375,9361.364683649854,129.3728163501455,1,1,1,9137.25,0.0,0.0
364,2020-06-17,9474.64,9416.321231399656,58.3187686003439,0,0,1,9490.7375,1.0,1.0
365,2020-06-18,9447.25,9689.337648271996,242.08764827199593,0,1,0,9474.64,0.0,1.0
366,2020-06-19,9276.15,9528.193637832313,252.04363783231383,0,1,0,9447.25,1.0,1.0
367,2020-06-20,9312.005,9551.37152841153,239.36652841153045,1,1,1,9276.15,1.0,1.0
368,2020-06-21,9339.125,9425.510493419675,86.38549341967519,1,1,1,9312.005,1.0,1.0
369,2020-06-22,9474.9,9689.12606326664,214.22606326664027,1,1,1,9339.125,1.0,1.0
370,2020-06-23,9591.715,9873.610174939877,281.8951749398766,1,1,1,9474.9,1.0,1.0
371,2020-06-24,9510.3,9971.312985180442,461.01298518044314,0,1,0,9591.715,1.0,1.0
372,2020-06-25,9274.1267,9643.40565968028,369.2789596802795,0,1,0,9510.3,1.0,1.0
373,2020-06-26,9127.55,9600.845097402043,473.2950974020441,0,1,0,9274.1267,1.0,1.0
374,2020-06-27,9164.315,9593.938336301277,429.62333630127614,1,1,1,9127.55,1.0,1.0
375,2020-06-28,8991.5,9329.382192177305,337.8821921773051,0,1,0,9164.315,1.0,1.0
376,2020-06-29,9096.15,9474.877431934665,378.7274319346652,1,1,1,8991.5,1.0,1.0
377,2020-06-30,9144.385,9468.719403874657,324.33440387465635,1,1,1,9096.15,1.0,1.0
378,2020-07-01,9153.95,9881.430347435236,727.4803474352357,1,1,1,9144.385,1.0,1.0
379,2020-07-02,9199.875,9581.494063978578,381.6190639785782,1,1,1,9153.95,1.0,1.0
380,2020-07-03,9094.955,9560.487728721606,465.53272872160596,0,1,0,9199.875,1.0,1.0
381,2020-07-04,9083.395,9594.978556576578,511.5835565765774,0,1,0,9094.955,1.0,1.0
382,2020-07-05,9075.3125,9427.921913210172,352.6094132101716,0,1,0,9083.395,1.0,1.0
383,2020-07-06,9203.25,9379.988063165723,176.73806316572336,1,1,1,9075.3125,1.0,1.0
384,2020-07-07,9265.375,9463.755507596486,198.3805075964865,1,1,1,9203.25,1.0,1.0
385,2020-07-08,9279.5833,9514.204106765828,234.6208067658281,1,1,1,9265.375,1.0,1.0
386,2020-07-09,9403.85,9525.861809827067,122.01180982706683,1,1,1,9279.5833,1.0,1.0
387,2020-07-10,9144.715,9450.76923702723,306.05423702723056,0,1,0,9403.85,1.0,1.0
388,2020-07-11,9278.05,9571.708027770757,293.65802777075805,1,1,1,9144.715,1.0,1.0
389,2020-07-12,9279.05,9357.29071940915,78.24071940915019,1,1,1,9278.05,1.0,1.0
390,2020-07-13,9294.6625,9521.49346874092,226.83096874092007,1,1,1,9279.05,1.0,0.0
391,2020-07-14,9202.4067,9265.702361103089,63.295661103089515,0,0,1,9294.6625,1.0,0.0
392,2020-07-15,9214.1275,8897.637274033597,316.49022596640316,1,0,0,9202.4067,0.0,0.0
393,2020-07-16,9116.325,8723.241793249133,393.08320675086725,0,0,1,9214.1275,0.0,1.0
394,2020-07-17,9122.22,9168.416447442729,46.19644744272955,1,1,1,9116.325,0.0,1.0
395,2020-07-18,9140.2575,9267.592170757673,127.33467075767294,1,1,1,9122.22,1.0,1.0
396,2020-07-19,9156.11,9206.67461435407,50.56461435406891,1,1,1,9140.2575,1.0,1.0
397,2020-07-20,9185.375,9568.823712373622,383.4487123736217,1,1,1,9156.11,1.0,1.0
398,2020-07-21,9206.5125,9553.19857581925,346.6860758192488,1,1,1,9185.375,1.0,1.0
399,2020-07-22,9357.195,9607.663221591734,250.46822159173462,1,1,1,9206.5125,1.0,1.0
400,2020-07-23,9511.615,9479.929544946976,31.68545505302427,1,1,1,9357.195,1.0,1.0
401,2020-07-24,9544.48,9681.297502432426,136.8175024324264,1,1,1,9511.615,1.0,1.0
402,2020-07-25,9601.75,9796.038450548222,194.2884505482216,1,1,1,9544.48,1.0,1.0
403,2020-07-26,9712.08,9750.38047634209,38.300476342090406,1,1,1,9601.75,1.0,1.0
404,2020-07-27,10300.5,9931.728316469074,368.77168353092566,1,1,1,9712.08,1.0,1.0
405,2020-07-28,10985.3117,10502.079874740923,483.2318252590776,1,1,1,10300.5,1.0,0.0
406,2020-07-29,10982.5,10528.680930111223,453.81906988877745,0,0,1,10985.3117,1.0,0.0
407,2020-07-30,11053.5,10596.176901651157,457.3230983488429,1,0,0,10982.5,0.0,0.0
408,2020-07-31,11025.5,10666.129946332261,359.37005366773883,0,0,1,11053.5,0.0,0.0
409,2020-08-01,11354.1567,10814.151298666104,540.0054013338959,1,0,0,11025.5,0.0,0.0
410,2020-08-02,11301.28,10893.65188709933,407.6281129006711,0,0,1,11354.1567,0.0,0.0
411,2020-08-03,11164.445,10840.275485534657,324.1695144653422,0,0,1,11301.28,0.0,0.0
412,2020-08-04,11275.995,10843.119076004908,432.8759239950923,1,0,0,11164.445,0.0,0.0
413,2020-08-05,11219.5,11149.392800638574,70.10719936142596,0,0,1,11275.995,0.0,0.0
414,2020-08-06,11796.8174,11173.512803085894,623.3045969141058,1,0,0,11219.5,0.0,0.0
415,2020-08-07,11827.265,11021.660631332958,805.6043686670419,1,0,0,11796.8174,0.0,0.0
416,2020-08-08,11568.5,11063.974645566776,504.5253544332245,0,0,1,11827.265,0.0,0.0
417,2020-08-09,11666.45,11265.986571393263,400.4634286067376,1,0,0,11568.5,0.0,0.0
418,2020-08-10,12010.28,11644.340374930749,365.93962506925163,1,0,0,11666.45,0.0,0.0
419,2020-08-11,11832.5,11761.410376257778,71.0896237422221,0,0,1,12010.28,0.0,0.0
420,2020-08-12,11342.01,11458.192388561638,116.18238856163771,0,0,1,11832.5,0.0,1.0
421,2020-08-13,11565.095,11512.661858482317,52.43314151768209,1,1,1,11342.01,0.0,1.0
422,2020-08-14,11759.5,11604.166755007289,155.33324499271112,1,1,1,11565.095,1.0,0.0
423,2020-08-15,11895.627,11722.320153461476,173.30684653852404,1,0,0,11759.5,1.0,0.0
424,2020-08-16,11908.33,11889.3151095942,19.014890405800543,1,0,0,11895.627,0.0,0.0
425,2020-08-17,11856.5,11900.751842561645,44.25184256164539,0,0,1,11908.33,0.0,0.0
426,2020-08-18,12327.5,11843.981715993565,483.51828400643535,1,0,0,11856.5,0.0,0.0
427,2020-08-19,11918.5,11668.668769502616,249.83123049738424,0,0,1,12327.5,0.0,0.0
428,2020-08-20,11833.8974,11655.44773229311,178.44966770688916,0,0,1,11918.5,0.0,1.0
429,2020-08-21,11583.1389,11920.559437744276,337.42053774427586,0,1,0,11833.8974,0.0,1.0
430,2020-08-22,11674.6244,11600.439016138635,74.18538386136606,1,1,1,11583.1389,1.0,0.0
431,2020-08-23,11611.5,11632.414222111345,20.914222111345225,0,0,1,11674.6244,1.0,0.0
432,2020-08-24,11744.0127,11578.319305128418,165.6933948715814,1,0,0,11611.5,0.0,0.0
433,2020-08-25,11378.726,11489.39214098108,110.66614098107857,0,0,1,11744.0127,0.0,1.0
434,2020-08-26,11458.8226,11523.309120013806,64.48652001380651,1,1,1,11378.726,0.0,1.0
435,2020-08-27,11302.121,11593.225128192596,291.1041281925973,0,1,0,11458.8226,1.0,1.0
436,2020-08-28,11482.2257,11560.656422484819,78.43072248481803,1,1,1,11302.121,1.0,1.0
437,2020-08-29,11515.0444,11655.453174611743,140.40877461174205,1,1,1,11482.2257,1.0,1.0
438,2020-08-30,11657.0039,11639.998673853788,17.0052261462115,1,1,1,11515.0444,1.0,0.0
439,2020-08-31,11678.3733,11592.114662016817,86.25863798318278,1,0,0,11657.0039,1.0,1.0
440,2020-09-01,11964.2087,11690.086261677661,274.122438322338,1,1,1,11678.3733,0.0,0.0
441,2020-09-02,11795.7,11666.408185338063,129.29181466193768,0,0,1,11964.2087,1.0,0.0
442,2020-09-03,11302.8875,11463.624765408993,160.73726540899224,0,0,1,11795.7,0.0,0.0
443,2020-09-04,10292.5983,10033.391992450872,259.2063075491278,0,0,1,11302.8875,0.0,0.0
444,2020-09-05,10439.5,10001.615216563274,437.88478343672614,1,0,0,10292.5983,0.0,0.0
445,2020-09-06,10110.44,10159.079217603405,48.63921760340418,0,0,1,10439.5,0.0,1.0
446,2020-09-07,10164.13,10224.432206159601,60.302206159602065,1,1,1,10110.44,0.0,1.0
447,2020-09-08,10316.5833,10306.973570894348,9.60972910565215,1,1,1,10164.13,1.0,1.0
448,2020-09-09,10032.5,10361.755989922083,329.25598992208324,0,1,0,10316.5833,1.0,1.0
449,2020-09-10,10341.016,10294.977250549928,46.03874945007192,1,1,1,10032.5,1.0,1.0
450,2020-09-11,10380.5396,10396.72105404009,16.181454040090102,1,1,1,10341.016,1.0,0.0
451,2020-09-12,10436.3654,10304.01266013928,132.35273986072025,1,0,0,10380.5396,1.0,0.0
452,2020-09-13,10313.0686,10088.793154834753,224.27544516524722,0,0,1,10436.3654,0.0,0.0
453,2020-09-14,10680.2976,10251.1065669682,429.19103303180054,1,0,0,10313.0686,0.0,0.0
454,2020-09-15,10829.5053,10402.629942576903,426.87535742309774,1,0,0,10680.2976,0.0,0.0
455,2020-09-16,11033.3835,10270.107218519115,763.2762814808848,1,0,0,10829.5053,0.0,0.0
456,2020-09-17,10937.1113,10325.860484486251,611.2508155137493,0,0,1,11033.3835,0.0,0.0
457,2020-09-18,10933.9312,10635.764877804364,298.1663221956369,0,0,1,10937.1113,0.0,0.0
458,2020-09-19,11048.8793,10487.472615824227,561.406684175774,1,0,0,10933.9312,0.0,0.0
459,2020-09-20,10852.9101,10451.495868943055,401.4142310569441,0,0,1,11048.8793,0.0,0.0
460,2020-09-21,10526.2029,10378.36161029449,147.84128970550955,0,0,1,10852.9101,0.0,0.0
461,2020-09-22,10531.1646,10281.545492499528,249.61910750047173,1,0,0,10526.2029,0.0,0.0
462,2020-09-23,10260.033,10251.364579735056,8.668420264943052,0,0,1,10531.1646,0.0,0.0
463,2020-09-24,10672.9568,10219.54567863947,453.41112136053016,1,0,0,10260.033,0.0,0.0
464,2020-09-25,10729.0696,10663.347606121797,65.72199387820365,1,0,0,10672.9568,0.0,0.0
465,2020-09-26,10741.4765,10482.74216440946,258.7343355905414,1,0,0,10729.0696,0.0,0.0
466,2020-09-27,10752.3455,10439.844641308997,312.5008586910026,1,0,0,10741.4765,0.0,0.0
467,2020-09-28,10863.0657,10607.512354162685,255.55334583731383,1,0,0,10752.3455,0.0,0.0
468,2020-09-29,10764.2844,10524.777399775663,239.5070002243374,0,0,1,10863.0657,0.0,0.0
469,2020-09-30,10741.5796,10682.387470121066,59.192129878932974,0,0,1,10764.2844,0.0,0.0
470,2020-10-01,10626.601,10335.651902962745,290.94909703725534,0,0,1,10741.5796,0.0,0.0
471,2020-10-02,10567.3302,10171.146768061777,396.1834319382233,0,0,1,10626.601,0.0,0.0
472,2020-10-03,10555.0287,10295.6322670888,259.39643291120046,0,0,1,10567.3302,0.0,0.0
473,2020-10-04,10660.6112,10451.80405452697,208.80714547302887,1,0,0,10555.0287,0.0,0.0
474,2020-10-05,10756.4046,10604.699346180625,151.70525381937478,1,0,0,10660.6112,0.0,0.0
475,2020-10-06,10589.6264,10489.864192455025,99.76220754497444,0,0,1,10756.4046,0.0,0.0
476,2020-10-07,10645.7548,10411.437959642508,234.31684035749277,1,0,0,10589.6264,0.0,1.0
477,2020-10-08,10897.5954,10712.759404649969,184.83599535003123,1,1,1,10645.7548,0.0,1.0
478,2020-10-09,11063.5317,10970.325802813953,93.20589718604606,1,1,1,10897.5954,1.0,1.0
479,2020-10-10,11304.4917,11243.264227980002,61.22747201999846,1,1,1,11063.5317,1.0,1.0
480,2020-10-11,11377.1683,11334.152807346665,43.01549265333415,1,1,1,11304.4917,1.0,0.0
481,2020-10-12,11545.1583,11340.89160821978,204.26669178021984,1,0,0,11377.1683,1.0,0.0
482,2020-10-13,11432.475,11430.457720273476,2.017279726524066,0,0,1,11545.1583,0.0,0.0
483,2020-10-14,11430.8717,11286.127790266162,144.74390973383743,0,0,1,11432.475,0.0,1.0
484,2020-10-15,11510.5367,11437.82371750673,72.71298249327083,1,1,1,11430.8717,0.0,0.0
485,2020-10-16,11325.5217,11235.623211223206,89.89848877679287,0,0,1,11510.5367,1.0,1.0
486,2020-10-17,11369.9133,11450.675379205244,80.76207920524394,1,1,1,11325.5217,0.0,1.0
487,2020-10-18,11516.9667,11452.878665615583,64.08803438441828,1,1,1,11369.9133,1.0,0.0
488,2020-10-19,11758.5467,11514.48245190036,244.0642480996412,1,0,0,11516.9667,1.0,0.0
489,2020-10-20,11922.975,11693.556642525886,229.4183574741146,1,0,0,11758.5467,0.0,1.0
490,2020-10-21,12811.4867,12284.311833511356,527.1748664886436,1,1,1,11922.975,0.0,0.0
491,2020-10-22,12987.9017,12794.458458345467,193.44324165453327,1,0,0,12811.4867,1.0,0.0
492,2020-10-23,12940.1067,12830.64382473033,109.4628752696699,0,0,1,12987.9017,0.0,0.0
493,2020-10-24,13127.055,12706.775002270877,420.27999772912335,1,0,0,12940.1067,0.0,0.0
494,2020-10-25,13039.0133,13051.656051033848,12.642751033847162,0,0,1,13127.055,0.0,1.0
495,2020-10-26,13067.8283,13079.639619216921,11.81131921692213,1,1,1,13039.0133,0.0,0.0
496,2020-10-27,13638.76,12676.646388277139,962.1136117228616,1,0,0,13067.8283,1.0,0.0
497,2020-10-28,13276.4533,12907.337507804878,369.1157921951217,0,0,1,13638.76,0.0,0.0
498,2020-10-29,13459.7983,13119.028329190673,340.7699708093278,1,0,0,13276.4533,0.0,0.0
499,2020-10-30,13566.925,13426.478127931534,140.44687206846538,1,0,0,13459.7983,0.0,1.0
500,2020-10-31,13797.1033,13642.115617426214,154.98768257378651,1,1,1,13566.925,0.0,0.0
501,2020-11-01,13762.97,13601.067314575681,161.9026854243184,0,0,1,13797.1033,1.0,0.0
502,2020-11-02,13567.2233,13572.168185706572,4.944885706572677,0,0,1,13762.97,0.0,1.0
503,2020-11-03,14030.79,13682.908830179138,347.88116982086285,1,1,1,13567.2233,0.0,0.0
504,2020-11-04,14158.81,13894.432427589678,264.3775724103216,1,0,0,14030.79,1.0,0.0
505,2020-11-05,15593.555,14099.833361503375,1493.721638496625,1,0,0,14158.81,0.0,0.0
506,2020-11-06,15589.0033,15002.914606538681,586.088693461319,0,0,1,15593.555,0.0,0.0
507,2020-11-07,14843.945,14762.12789007353,81.81710992646913,0,0,1,15589.0033,0.0,0.0
508,2020-11-08,15489.47,14711.77518582152,777.6948141784796,1,0,0,14843.945,0.0,0.0
509,2020-11-09,15334.87,14950.951574724271,383.91842527572953,0,0,1,15489.47,0.0,0.0
510,2020-11-10,15313.4433,15035.654095671267,277.78920432873383,0,0,1,15334.87,0.0,0.0
511,2020-11-11,15706.54,14940.529450226326,766.0105497736749,1,0,0,15313.4433,0.0,0.0
512,2020-11-12,16301.0267,15137.612047910721,1163.4146520892791,1,0,0,15706.54,0.0,0.0
513,2020-11-13,16330.3433,15464.50556249092,865.8377375090804,1,0,0,16301.0267,0.0,0.0
514,2020-11-14,16075.7133,15481.429705548406,594.2835944515937,0,0,1,16330.3433,0.0,0.0
515,2020-11-15,15968.245,15300.606793002484,667.638206997517,0,0,1,16075.7133,0.0,0.0
516,2020-11-16,16720.605,15744.74196302867,975.8630369713301,1,0,0,15968.245,0.0,0.0
517,2020-11-17,17676.335,15806.372420871015,1869.9625791289836,1,0,0,16720.605,0.0,0.0
518,2020-11-18,17785.2667,16195.979148587212,1589.2875514127882,1,0,0,17676.335,0.0,0.0
519,2020-11-19,17815.0783,16467.428115222145,1347.6501847778563,1,0,0,17785.2667,0.0,0.0
520,2020-11-20,18675.4333,16553.12214555707,2122.3111544429303,1,0,0,17815.0783,0.0,0.0
521,2020-11-21,18697.5133,16876.235191353906,1821.2781086460927,1,0,0,18675.4333,0.0,0.0
522,2020-11-22,18423.5133,17213.100880424536,1210.412419575463,0,0,1,18697.5133,0.0,0.0
523,2020-11-23,18381.7167,17542.986935299,838.7297647010018,0,0,1,18423.5133,0.0,0.0
524,2020-11-24,19161.2683,17796.056886708702,1365.2114132912975,1,0,0,18381.7167,0.0,0.0
525,2020-11-25,18723.5467,18089.80829203949,633.7384079605072,0,0,1,19161.2683,0.0,0.0
526,2020-11-26,17182.485,17775.79103689942,593.3060368994193,0,0,1,18723.5467,0.0,1.0
527,2020-11-27,17156.3033,17743.501394966952,587.1980949669523,0,1,0,17182.485,0.0,1.0
528,2020-11-28,17737.9667,17834.446838245105,96.48013824510417,1,1,1,17156.3033,1.0,1.0
529,2020-11-29,18196.5467,18202.75152844015,6.204828440149868,1,1,1,17737.9667,1.0,1.0
530,2020-11-30,19708.0967,18372.001052645992,1336.0956473540064,1,1,1,18196.5467,1.0,0.0
531,2020-12-01,18795.1967,18760.789104566673,34.407595433327515,0,0,1,19708.0967,1.0,1.0
532,2020-12-02,19226.22,18850.628279471766,375.5917205282349,1,1,1,18795.1967,0.0,0.0
533,2020-12-03,19450.2667,19054.80486786272,395.46183213728,1,0,0,19226.22,1.0,0.0
534,2020-12-04,18657.42,19093.362551158887,435.9425511588888,0,0,1,19450.2667,0.0,1.0
535,2020-12-05,19157.925,19310.33060064274,152.40560064274177,1,1,1,18657.42,0.0,1.0
536,2020-12-06,19386.7117,19385.30403171017,1.407668289830326,1,1,1,19157.925,1.0,1.0
537,2020-12-07,19185.3967,19666.416450453034,481.01975045303334,0,1,0,19386.7117,1.0,1.0
538,2020-12-08,18322.5533,19694.119080020653,1371.5657800206536,0,1,0,19185.3967,1.0,1.0
539,2020-12-09,18553.92,19379.68085769596,825.760857695961,1,1,1,18322.5533,1.0,1.0
540,2020-12-10,18255.9233,19575.897162835197,1319.9738628351988,0,1,0,18553.92,1.0,1.0
541,2020-12-11,18039.7617,19541.93901460198,1502.1773146019805,0,1,0,18255.9233,1.0,1.0
542,2020-12-12,18811.0617,19481.132473291604,670.0707732916053,1,1,1,18039.7617,1.0,1.0
543,2020-12-13,19168.7533,19627.097593109815,458.3442931098143,1,1,1,18811.0617,1.0,1.0
544,2020-12-14,19274.8733,19800.67057075451,525.7972707545123,1,1,1,19168.7533,1.0,1.0
545,2020-12-15,19444.5483,19699.788692800514,255.2403928005151,1,1,1,19274.8733,1.0,1.0
546,2020-12-16,21349.8467,19974.43401700633,1375.4126829936686,1,1,1,19444.5483,1.0,0.0
547,2020-12-17,22812.2817,20105.505117410325,2706.776582589675,1,0,0,21349.8467,1.0,0.0
548,2020-12-18,23133.2867,20594.86515077668,2538.4215492233197,1,0,0,22812.2817,0.0,0.0
549,2020-12-19,23835.305,21006.75401863759,2828.5509813624085,1,0,0,23133.2867,0.0,0.0
550,2020-12-20,23458.9967,21200.931081113038,2258.0656188869616,0,0,1,23835.305,0.0,0.0
551,2020-12-21,22718.225,21762.84534352819,955.3796564718068,0,0,1,23458.9967,0.0,0.0
552,2020-12-22,23817.3067,21938.217825239604,1879.0888747603967,1,0,0,22718.225,0.0,0.0
553,2020-12-23,23229.0133,22471.5210608494,757.492239150597,0,0,1,23817.3067,0.0,0.0
554,2020-12-24,23729.6483,22435.554686942873,1294.093613057128,1,0,0,23229.0133,0.0,0.0
555,2020-12-25,24707.8017,23328.899300232813,1378.9023997671866,1,0,0,23729.6483,0.0,0.0
556,2020-12-26,26445.95,23685.12625028814,2760.8237497118607,1,0,0,24707.8017,0.0,0.0
557,2020-12-27,26248.2767,24019.844127181317,2228.4325728186814,0,0,1,26445.95,0.0,0.0
558,2020-12-28,27041.8667,24588.116282236108,2453.750417763891,1,0,0,26248.2767,0.0,0.0
559,2020-12-29,27353.9783,25041.169053172376,2312.8092468276227,1,0,0,27041.8667,0.0,0.0
560,2020-12-30,28886.04,25771.53727425583,3114.5027257441725,1,0,0,27353.9783,0.0,0.0
561,2020-12-31,28956.265,26681.83550162514,2274.4294983748587,1,0,0,28886.04,0.0,0.0
562,2021-01-01,29391.775,27446.741997166326,1945.0330028336757,1,0,0,28956.265,0.0,0.0
563,2021-01-02,32198.48,28060.374339003367,4138.105660996633,1,0,0,29391.775,0.0,0.0
564,2021-01-03,33033.62,28766.08063439716,4267.539365602843,1,0,0,32198.48,0.0,0.0
565,2021-01-04,32017.565,29559.462520951427,2458.1024790485717,0,0,1,33033.62,0.0,0.0
566,2021-01-05,34035.0067,30498.927521459264,3536.0791785407346,1,0,0,32017.565,0.0,0.0
567,2021-01-06,36826.9783,31711.925960389803,5115.0523396102,1,0,0,34035.0067,0.0,0.0
568,2021-01-07,39475.6067,32584.25880289696,6891.347897103038,1,0,0,36826.9783,0.0,0.0
569,2021-01-08,40616.7217,34004.261974326,6612.459725674002,1,0,0,39475.6067,0.0,0.0
570,2021-01-09,40227.8683,35470.803693376874,4757.0646066231275,0,0,1,40616.7217,0.0,0.0
571,2021-01-10,38191.55,36611.51916174822,1580.0308382517833,0,0,1,40227.8683,0.0,0.0
572,2021-01-11,35463.1883,37061.53480392227,1598.346503922272,0,0,1,38191.55,0.0,1.0
573,2021-01-12,34059.9133,37503.4485603207,3443.5352603206993,0,1,0,35463.1883,0.0,1.0
574,2021-01-13,37375.8033,37491.269466008605,115.4661660086058,1,1,1,34059.9133,1.0,1.0
575,2021-01-14,39138.075,38367.722178443735,770.3528215562619,1,1,1,37375.8033,1.0,0.0
576,2021-01-15,36770.0433,39089.935047803534,2319.8917478035364,0,0,1,39138.075,1.0,1.0
577,2021-01-16,36029.1967,39125.61400663381,3096.4173066338117,0,1,0,36770.0433,0.0,1.0
578,2021-01-17,35845.0217,38959.02749886594,3114.005798865939,0,1,0,36029.1967,1.0,1.0
579,2021-01-18,36656.9933,38982.24043092728,2325.2471309272805,1,1,1,35845.0217,1.0,1.0
580,2021-01-19,35929.1683,39417.671456687036,3488.5031566870384,0,1,0,36656.9933,1.0,1.0
581,2021-01-20,35510.67,39195.512357555155,3684.842357555157,0,1,0,35929.1683,1.0,1.0
582,2021-01-21,30838.5,39048.71429302332,8210.214293023317,0,1,0,35510.67,1.0,1.0
583,2021-01-22,33018.825,37254.338903911215,4235.513903911218,1,1,1,30838.5,1.0,1.0
584,2021-01-23,32106.7033,37947.324075349585,5840.620775349584,0,1,0,33018.825,1.0,1.0
585,2021-01-24,32297.165,37726.60424890474,5429.439248904739,1,1,1,32106.7033,1.0,1.0
586,2021-01-25,32255.35,37618.994807324496,5363.644807324497,0,1,0,32297.165,1.0,1.0
587,2021-01-26,32518.3583,37147.10018223865,4628.7418822386535,1,1,1,32255.35,1.0,1.0
588,2021-01-27,30425.3933,36955.9296372709,6530.5363372709,0,1,0,32518.3583,1.0,1.0
589,2021-01-28,33420.045,35485.42630779189,2065.3813077918894,1,1,1,30425.3933,1.0,1.0
590,2021-01-29,34264.01,36293.67718468073,2029.6671846807294,1,1,1,33420.045,1.0,1.0
591,2021-01-30,34324.2717,35924.77018440683,1600.4984844068313,1,1,1,34264.01,1.0,0.0
592,2021-01-31,33129.7433,,,0,0,1,34324.2717,1.0,
