,price,BTC_score,twitter_score,reddit_score
2018-02-01,9052.5763,0.4969112387558252,0.569700575054531,0.4296013570822731
2018-02-02,8827.63,0.4793396502881704,0.5523219814241486,0.4306618640252139
2018-02-03,9224.3913,0.4950105042016807,0.585380290026635,0.4534240748617609
2018-02-04,8186.6488,0.4998295841854124,0.5540889526542324,0.4448391140827413
2018-02-05,6914.26,0.4693276816201577,0.529476382277554,0.4380899500277623
2018-02-06,7700.3863,0.5032563647128478,0.5584460037651892,0.4516642192853646
2018-02-07,7581.8038,0.5225440806045341,0.5892941733775462,0.4584339427388755
2018-02-08,8237.2363,0.5105716523101018,0.5763631877621515,0.4482123110947291
2018-02-09,8689.8388,0.5249812453113278,0.5969373803664205,0.4512350936967632
2018-02-10,8556.6125,0.5271317829457365,0.587956698240866,0.4338306063522618
2018-02-11,8070.7963,0.5193548387096775,0.6046176046176046,0.4572528883183568
2018-02-12,8891.2125,0.5249036237471087,0.6165787932044523,0.4729889124793583
2018-02-13,8516.2438,0.5342709343679276,0.6049420378279439,0.4475062628102937
2018-02-14,9477.84,0.5493002544529262,0.603594351732991,0.4733740724574422
2018-02-15,10016.4888,0.5452107850439446,0.6111393692777213,0.4920153628461693
2018-02-16,10178.7125,0.55196017423771,0.6299042323138708,0.4663409337676438
2018-02-17,11092.1475,0.5396749521988528,0.6249588409614751,0.4972886762360446
2018-02-18,10396.63,0.5285765636232926,0.6044176706827309,0.4553167420814479
2018-02-19,11159.7238,0.545974025974026,0.6341780376868096,0.4837644468904788
2018-02-20,11228.2413,0.546217048955837,0.5999497108373145,0.4735700197238658
2018-02-21,10456.1725,0.5471484121840571,0.5598255655491959,0.4438202247191011
2018-02-22,9830.4263,0.5458015267175572,0.6062219730941704,0.4600565116876445
2018-02-23,10149.4625,0.5243700015089784,0.597972972972973,0.4558699915942841
2018-02-24,9682.3825,0.5345766628156462,0.585203366058906,0.4525928198833998
2018-02-25,9586.46,0.5454217736121125,0.601004248744689,0.4602026049204052
2018-02-26,10313.0825,0.5501936733376371,0.6576866764275257,0.4861672365557973
2018-02-27,10564.4188,0.5654082528533801,0.6325678496868476,0.4864864864864865
2018-02-28,10309.6413,0.5468042986425339,0.6122448979591837,0.4709101382488479
2018-03-01,10907.59,0.5617068749128434,0.6238151658767772,0.4910787812242657
2018-03-02,11019.5213,0.5503853424458339,0.6123334366284475,0.4653494544382188
2018-03-03,11438.6513,0.5469354838709677,0.6262964202074273,0.5026126714565643
2018-03-04,11479.7313,0.5531599736668861,0.5885416666666666,0.4642722117202268
2018-03-05,11432.9825,0.539573493631029,0.6209063843863711,0.4629948364888124
2018-03-06,10709.5275,0.5397636071793375,0.5845280764635603,0.4630032644178455
2018-03-07,9906.8,0.5468869512008566,0.5864811133200796,0.4246440844378988
2018-03-08,9299.2838,0.5260944072285403,0.5336112558624283,0.4104071413019812
2018-03-09,9237.05,0.5106554081222356,0.544515494343335,0.4431857790170791
2018-03-10,8787.1638,0.5022651766837813,0.574245939675174,0.4496472097498396
2018-03-11,9532.7413,0.5269614835948645,0.5818965517241379,0.4440905874026893
2018-03-12,9118.2713,0.5344899958024346,0.5821417222751827,0.4585253456221198
2018-03-13,9144.1475,0.5309606481481481,0.5794642857142858,0.4618276460381723
2018-03-14,8196.8975,0.5103236978819768,0.5474416294088426,0.4487088367685383
2018-03-15,8256.9938,0.5056208812508076,0.5822616407982262,0.4706005440468717
2018-03-16,8269.3275,0.5162241887905604,0.6019617965926691,0.475557917109458
2018-03-17,7862.1088,0.5024390243902439,0.571625344352617,0.4662039831019915
2018-03-18,8196.0225,0.492821682543942,0.5842605156037992,0.4519944341372913
2018-03-19,8594.1913,0.5062395471503924,0.605771924908938,0.4990654205607476
2018-03-20,8915.9038,0.5257717938256494,0.6011577424023155,0.4636261891438164
2018-03-21,8895.4,0.5417454741961631,0.6467116357504216,0.4691898654989052
2018-03-22,8712.8913,0.5489055139927957,0.6102626756261453,0.4530839895013123
2018-03-23,8918.7438,0.5289353363814501,0.627613674078991,0.4758594051757435
2018-03-24,8535.8938,0.5429889556829303,0.6194840461642905,0.480085653104925
2018-03-25,8449.835,0.5481845481845482,0.6237068965517242,0.4682926829268293
2018-03-26,8138.3363,0.5307545106615636,0.593666765315182,0.4565793347070945
2018-03-27,7790.1575,0.5239504843918191,0.5557266009852216,0.4501424501424501
2018-03-28,7937.205,0.5305711987127917,0.6077760497667185,0.4716805942432683
2018-03-29,7086.4875,0.5416717510677242,0.5697201017811705,0.4433260393873085
2018-03-30,6844.3213,0.5056436119116234,0.5796337402885683,0.4523326572008113
2018-03-31,6926.0175,0.5211164157179581,0.5834633385335414,0.4724540901502504
2018-04-01,6816.74,0.5215082315454063,0.5573651827723489,0.4328358208955223
2018-04-02,7049.7938,0.5215686274509804,0.5904379806084922,0.4931119745672907
2018-04-03,7417.8875,0.5528808208366219,0.592048401037165,0.4724590163934426
2018-04-04,6789.3013,0.5270605397520058,0.5716969317470256,0.4619289340101523
2018-04-05,6774.7513,0.5132415254237288,0.5720375106564365,0.4619484749777909
2018-04-06,6620.4088,0.4888212726551131,0.5787702661364331,0.476968311009474
2018-04-07,6896.2813,0.53258126762654,0.5840413742149981,0.4766619519094767
2018-04-08,7022.7088,0.5520049162697803,0.5796045785639958,0.4383505154639175
2018-04-09,6773.9388,0.5460114158429625,0.5781886555938577,0.4633633633633633
2018-04-10,6830.9038,0.5376546530392684,0.5566065622228791,0.4454641722555594
2018-04-11,6939.55,0.5473598258029396,0.5904791929382094,0.4638508371385084
2018-04-12,7916.3725,0.564947245017585,0.5885964912280702,0.4679287934444758
2018-04-13,7889.2313,0.5780354351224596,0.61513353115727,0.478176527643065
2018-04-14,8003.6813,0.5684556407447974,0.5905979005020539,0.4554502369668246
2018-04-15,8357.0375,0.5641803989592368,0.6139805825242718,0.4686468646864686
2018-04-16,8051.345,0.5604663774403471,0.6159695817490495,0.4576540755467196
2018-04-17,7890.15,0.5510551841656836,0.58831662633944,0.475879579252811
2018-04-18,8163.69,0.5593005217881822,0.6244467143343548,0.4826645890144137
2018-04-19,8273.7413,0.5474274216728945,0.6329239960172586,0.4876033057851239
2018-04-20,8863.5025,0.5743066096315717,0.6333241226858248,0.5021658415841584
2018-04-21,8917.5963,0.5691194581280788,0.6129900076863951,0.5012386457473162
2018-04-22,8792.83,0.5623545516769336,0.6042718446601941,0.48
2018-04-23,8938.3038,0.5469869923015662,0.623266078184111,0.4939285714285714
2018-04-24,9652.1563,0.5620083901415837,0.6231121281464531,0.4846611721611721
2018-04-25,8864.0875,0.564336661911555,0.5959385576672741,0.4804822043628013
2018-04-26,9278.9975,0.5581928302504502,0.6068965517241379,0.4641648723469702
2018-04-27,8978.3325,0.5531282768262845,0.5874499332443258,0.451985773562537
2018-04-28,9342.4713,0.552474484883497,0.5934504792332268,0.4641412283927915
2018-04-29,9392.0313,0.5653905731356494,0.6282475200755786,0.472741136103698
2018-04-30,9244.3225,0.5429966203529853,0.6121530382595649,0.5025560361777428
2018-05-01,9067.715,0.5451687277300357,0.6006300315015751,0.4928084784254353
2018-05-02,9219.8638,0.5623142807201538,0.6180981595092024,0.4819908316961362
2018-05-03,9734.675,0.5609673600541181,0.6284046692607004,0.4792722934685356
2018-05-04,9692.7175,0.5708689458689459,0.6459131545338442,0.5159594442358243
2018-05-05,9826.5975,0.5819929746718432,0.592180653859117,0.4829157175398633
2018-05-06,9619.1438,0.5511125982934583,0.5760222310440651,0.472741136103698
2018-05-07,9362.5338,0.5275906028045894,0.5765035836709255,0.4624669935873255
2018-05-08,9180.1588,0.5584066032657455,0.5835980363846376,0.4930860033726812
2018-05-09,9306.0,0.5431965442764579,0.6054648450516494,0.4860223642172524
2018-05-10,9014.615,0.5314885496183206,0.6132075471698113,0.4880239520958084
2018-05-11,8406.175,0.5324348607367475,0.5628082390484479,0.4571809396867711
2018-05-12,8467.6563,0.5423893977782108,0.5954902630679877,0.4664804469273743
2018-05-13,8688.0288,0.5648955420299391,0.5814668423364076,0.4587251828631139
2018-05-14,8675.2063,0.559788552679548,0.6154577130186887,0.5089633671083398
2018-05-15,8474.2388,0.5591793792740662,0.61172046380445,0.4993429697766097
2018-05-16,8340.2988,0.5502528445006322,0.598780487804878,0.4817548175481755
2018-05-17,8058.6038,0.5595238095238095,0.5934343434343434,0.4946277820414428
2018-05-18,8240.725,0.5526483726866624,0.5895474824729127,0.4782254782254782
2018-05-19,8234.1525,0.5722902921771913,0.5965804066543438,0.4617516629711751
2018-05-20,8520.8125,0.5626899696048632,0.5935344827586206,0.472562599893447
2018-05-21,8395.2325,0.5552115583075335,0.6275038520801233,0.4898063200815494
2018-05-22,7983.5175,0.5613727055067838,0.6210084033613446,0.5049082373026035
2018-05-23,7502.5588,0.55216,0.5756358768406962,0.4738675958188153
2018-05-24,7578.6913,0.5361098112618936,0.5742397137745975,0.4649321266968326
2018-05-25,7460.6938,0.5494970884065643,0.5896825396825397,0.4759505267979844
2018-05-26,7334.1638,0.5553673512597925,0.5735763097949886,0.474792243767313
2018-05-27,7344.9675,0.545002760905577,0.5934521342726896,0.4595801697186243
2018-05-28,7105.6725,0.5333109017496636,0.568587799123694,0.4607104413347686
2018-05-29,7460.5838,0.5521015761821366,0.6058091286307054,0.4657228017883755
2018-05-30,7375.67,0.543221110100091,0.6102683780630105,0.4670856764803175
2018-05-31,7487.1875,0.5597052420030145,0.6243279569892473,0.4741892786234282
2018-06-01,7518.245,0.5524654495819826,0.6248285322359396,0.4562133072407045
2018-06-02,7636.1938,0.5626459143968872,0.5658739146847868,0.4490702192617263
2018-06-03,7711.365,0.544,0.590982940698619,0.4522012578616352
2018-06-04,7490.59,0.5574886535552194,0.5845937390080901,0.4597014925373134
2018-06-05,7616.8913,0.5537469782433522,0.5805609915198956,0.4705882352941176
2018-06-06,7655.9788,0.5612055901666947,0.5920334082878252,0.4693987597735238
2018-06-07,7688.0038,0.5385189330348815,0.6147899159663865,0.4580921218223005
2018-06-08,7616.1025,0.5663256147908814,0.6129398410896708,0.4505090497737556
2018-06-09,7497.3438,0.5544030482641829,0.608322026232474,0.4452402267979707
2018-06-10,6765.8013,0.5337121212121212,0.5554607508532423,0.4117009750812567
2018-06-11,6877.1825,0.529568697198755,0.5178032589016295,0.4398504508467121
2018-06-12,6548.33,0.5449711333941052,0.5518311607697083,0.4466919511167299
2018-06-13,6299.5225,0.5344649446494465,0.5501813784764208,0.4672326481977956
2018-06-14,6637.7388,0.5412022965214455,0.5882200981658486,0.4378127233738385
2018-06-15,6410.7225,0.5164230438521066,0.5905616483881688,0.4611433675748101
2018-06-16,6485.8688,0.5160449257922182,0.5783809078146935,0.4500308451573103
2018-06-17,6443.6725,0.4998962440340319,0.5800091701054562,0.427336999214454
2018-06-18,6709.48,0.5348542458808618,0.5681233933161953,0.4378094960675793
2018-06-19,6737.4138,0.5457591253747135,0.6081355932203389,0.5142857142857142
2018-06-20,6758.3788,0.5309571619812584,0.5729094678645473,0.4463356973995271
2018-06-21,6717.2025,0.5274979355904211,0.5987780040733197,0.4353177593569455
2018-06-22,6053.8963,0.5193067801763454,0.5620779220779221,0.4294426919032597
2018-06-23,6170.56,0.5074792243767313,0.5522276301010858,0.4135416666666666
2018-06-24,6150.1888,0.5041600283235971,0.537598944591029,0.4234553325462416
2018-06-25,6247.4675,0.5193465176268272,0.5775016350555919,0.4480724668211502
2018-06-26,6074.9175,0.5349693251533743,0.5867626886145405,0.4625329183624611
2018-06-27,6132.5625,0.5368736211786952,0.5923180592991913,0.4576023391812865
2018-06-28,5848.2638,0.5380330999363463,0.5991144414168937,0.4500788821275637
2018-06-29,6203.9013,0.5254548489400768,0.5983528666455495,0.4254835039817975
2018-06-30,6387.3063,0.5488274413720686,0.600752508361204,0.4435105067985166
2018-07-01,6347.8588,0.5311993517017828,0.6001950268161872,0.4351478494623655
2018-07-02,6613.27,0.5502102607232969,0.6174897766593268,0.4808667588750576
2018-07-03,6504.9263,0.5488695652173913,0.5920516304347826,0.5072210065645514
2018-07-04,6584.7663,0.5428051001821493,0.6133900928792569,0.4418011894647408
2018-07-05,6531.2,0.555439330543933,0.5934065934065934,0.4476641040804258
2018-07-06,6600.9863,0.532313853995995,0.6248457424928013,0.4441160666308436
2018-07-07,6755.5613,0.5431341511673922,0.6186186186186187,0.4629258517034068
2018-07-08,6704.1825,0.554131335042398,0.613215859030837,0.4344749504670251
2018-07-09,6664.2063,0.5680770002005213,0.6055889635656173,0.4528043775649795
2018-07-10,6302.49,0.5501073138517418,0.5735694822888283,0.4536643026004728
2018-07-11,6381.8725,0.5363484087102177,0.6098063452822414,0.4546114742193173
2018-07-12,6245.6338,0.5422376409366869,0.5696692470091484,0.4514950166112957
2018-07-13,6217.6063,0.5415287888815354,0.5990734141126158,0.4342465753424657
2018-07-14,6247.2275,0.5456306917264097,0.5862628447809627,0.4328767123287671
2018-07-15,6349.0375,0.5638160721959604,0.6006749156355455,0.4151750972762646
2018-07-16,6726.405,0.5691324953636926,0.6282515640434639,0.4377554812337421
2018-07-17,7314.9425,0.5794834485267369,0.6416819012797075,0.4724114441416894
2018-07-18,7378.7575,0.5919380750693735,0.642018779342723,0.4847585648772592
2018-07-19,7470.825,0.5834124723013612,0.6103142076502732,0.4427906976744186
2018-07-20,7330.5363,0.5662425784563189,0.595578231292517,0.4563162417645374
2018-07-21,7404.2875,0.5608018555334658,0.6041131105398457,0.453952139231327
2018-07-22,7396.2863,0.5735213330891779,0.6150978564771669,0.434401053093462
2018-07-23,7717.5,0.5639834024896265,0.6413404114134041,0.4646827992151733
2018-07-24,8397.635,0.5758215652632969,0.6238639011885342,0.4752927168088907
2018-07-25,8166.76,0.5595188138201147,0.627613674078991,0.4565458990886863
2018-07-26,7929.61,0.5575630879498282,0.6257731958762887,0.4647314949201742
2018-07-27,8183.025,0.5479876160990712,0.6227144866385372,0.4265450861195542
2018-07-28,8229.96,0.5488380880408086,0.6106639839034205,0.4304141208418194
2018-07-29,8215.56,0.5788526883869678,0.6141809290953545,0.416
2018-07-30,8167.9988,0.5595706618962433,0.631156129933636,0.4171360806403795
2018-07-31,7726.8913,0.5437384122703522,0.6067530695770805,0.4596462133775567
2018-08-01,7603.7488,0.5389146733309532,0.6029098651525905,0.4375178724621104
2018-08-02,7535.02,0.5523634541506598,0.5826287471176018,0.4140993616430752
2018-08-03,7415.5613,0.5354919053549191,0.6302665520206363,0.4489327518935047
2018-08-04,7009.0888,0.5448369565217391,0.5870786516853933,0.445565749235474
2018-08-05,7026.9913,0.5465917331399565,0.6002886002886003,0.4282380396732789
2018-08-06,6937.0738,0.5507164404223228,0.589644513137558,0.4528936742934051
2018-08-07,6717.2088,0.5427243475151948,0.5974842767295597,0.4081892166836215
2018-08-08,6280.58,0.5398453261600538,0.5420108231273142,0.4428112080845199
2018-08-09,6537.9025,0.542670773690886,0.5722662987236978,0.4320937752627324
2018-08-10,6143.305,0.54654821395521,0.5798203178991016,0.4387724096019447
2018-08-11,6233.3813,0.514609203798393,0.5578664877557866,0.4467440686521958
2018-08-12,6312.8338,0.5348514851485149,0.5591869270625748,0.4308430843084308
2018-08-13,6252.37,0.5304493130337913,0.5353252412075942,0.4404831482563803
2018-08-14,6192.3063,0.5136888748219655,0.5354593050928129,0.4260993808541038
2018-08-15,6270.0425,0.5341345351360374,0.5610561056105611,0.4385468270818589
2018-08-16,6314.2413,0.5329170383586084,0.5727433628318584,0.4382750845546787
2018-08-17,6583.2388,0.5351885098743268,0.6243833685694151,0.4473761360304896
2018-08-18,6395.3525,0.5312196070803346,0.5545774647887324,0.439687114038699
2018-08-19,6485.7463,0.5475624256837098,0.5542279411764706,0.421552436003303
2018-08-20,6256.6063,0.5498372660699756,0.5758275596612779,0.4449399656946827
2018-08-21,6477.3763,0.5516348332793785,0.5724587912087912,0.4206167904054825
2018-08-22,6357.5875,0.5569620253164557,0.5711622125543816,0.4272818455366098
2018-08-23,6525.6088,0.5453446191051995,0.5562280981204205,0.425771971496437
2018-08-24,6692.6213,0.5406311637080868,0.5969993021632938,0.4424181019925701
2018-08-25,6732.5025,0.5468678555098309,0.5805637358014304,0.441015625
2018-08-26,6707.6325,0.5432753500212134,0.5682438580527752,0.4220739842328684
2018-08-27,6907.6613,0.5448321554770318,0.5639434677697346,0.4246771879483501
2018-08-28,7076.745,0.5759533236090852,0.622016706443914,0.5025394279604384
2018-08-29,7035.8125,0.5786647992530346,0.6255349500713266,0.4411606663084363
2018-08-30,6982.4,0.5662474940769091,0.5931618569636136,0.4405594405594406
2018-08-31,7013.9738,0.5580161476355248,0.6306920043026174,0.4094534711964549
2018-09-01,7192.2988,0.5708292201382034,0.6272,0.4419852448021462
2018-09-02,7295.13,0.5645944633317144,0.5851025548758546,0.4222961730449251
2018-09-03,7261.4863,0.5578764142732812,0.6316168527187612,0.4274247491638796
2018-09-04,7358.4963,0.5822170452339351,0.6199575371549894,0.4233532934131736
2018-09-05,6687.0125,0.5411829740187949,0.5586130985140341,0.4275210084033613
2018-09-06,6498.6188,0.5146981165287802,0.5255788906838987,0.4225574065736155
2018-09-07,6396.2688,0.5456570155902004,0.5585620409741012,0.4221718174085625
2018-09-08,6183.38,0.5200642054574639,0.5453808752025932,0.4402451481103167
2018-09-09,6238.54,0.5051638976201167,0.5511316010058676,0.4177215189873418
2018-09-10,6305.5738,0.5297826086956522,0.588091922005571,0.4288537549407115
2018-09-11,6282.9213,0.5301826846703733,0.5617475060199518,0.4305117632791657
2018-09-12,6328.93,0.531995196431635,0.5607541899441341,0.4275534441805225
2018-09-13,6486.6213,0.5433153215966533,0.5978784956605593,0.443842645381984
2018-09-14,6492.375,0.5476145219540012,0.5922897196261683,0.4418413481298808
2018-09-15,6515.8988,0.5491735537190082,0.5645306859205776,0.4564124056999162
2018-09-16,6497.3663,0.5517241379310345,0.5658379373848987,0.4289450741063644
2018-09-17,6251.16,0.5325517585432776,0.5750439367311072,0.421264724116553
2018-09-18,6334.1963,0.5185362353503946,0.5593838670449939,0.4498480243161094
2018-09-19,6388.9788,0.5460930640913082,0.5874776386404293,0.4228418640183346
2018-09-20,6491.64,0.5454761339349323,0.6085879438480595,0.4310039020929407
2018-09-21,6753.18,0.5576685601383058,0.6195985028921401,0.461729931549471
2018-09-22,6712.1675,0.5720524017467249,0.5819047619047619,0.4151193633952255
2018-09-23,6701.2975,0.548667439165701,0.5671370050068275,0.4250207125103563
2018-09-24,6581.51,0.5538057742782152,0.5943583631307111,0.425
2018-09-25,6434.6488,0.5495689655172413,0.5860234125576446,0.4350243224461431
2018-09-26,6458.6525,0.5448555499239737,0.61699604743083,0.4580062794348508
2018-09-27,6684.1313,0.5451439726695949,0.6116838487972509,0.4565853658536585
2018-09-28,6621.665,0.5557620817843866,0.6296900489396411,0.4502895752895753
2018-09-29,6583.7713,0.5558747486354496,0.6012101210121013,0.4435437174290677
2018-09-30,6606.085,0.5750380517503805,0.5932901706886404,0.4756097560975609
2018-10-01,6578.7938,0.5580926796507724,0.6218166383701188,0.4536713286713286
2018-10-02,6506.6575,0.5750562520090003,0.6141897565071368,0.4443631039531479
2018-10-03,6470.7138,0.547941342357586,0.595131845841785,0.467065868263473
2018-10-04,6555.875,0.5511487964989059,0.6179245283018868,0.452033768227168
2018-10-05,6589.4038,0.5602200347423277,0.634437596302003,0.4307036247334754
2018-10-06,6563.425,0.5525806451612904,0.6062759029011249,0.4228187919463087
2018-10-07,6582.4013,0.5318818040435459,0.5885774722369117,0.4224629418472064
2018-10-08,6622.4013,0.5701034605779522,0.6115802171290712,0.4428868120456905
2018-10-09,6606.8825,0.5647585545251039,0.5854853072128228,0.401259559154296
2018-10-10,6550.7313,0.5333966445077556,0.5897335423197492,0.4292185730464326
2018-10-11,6177.2338,0.5335638144626909,0.5291871249318058,0.4179862563489692
2018-10-12,6211.6688,0.5513178294573643,0.5536303630363036,0.4133284777858703
2018-10-13,6227.51,0.5313257182416061,0.5359001040582726,0.4157973174366617
2018-10-14,6222.215,0.5580838323353293,0.5147507629704985,0.4276253547776726
2018-10-15,6513.3838,0.5445687477444966,0.5720653789004457,0.4163126593033135
2018-10-16,6531.3625,0.5607805502239284,0.611368909512761,0.4411562284927736
2018-10-17,6514.6413,0.5543766578249337,0.6096669374492283,0.4559859154929577
2018-10-18,6450.785,0.5735745988391943,0.6023369770071617,0.4459219858156028
2018-10-19,6418.8525,0.5651443922095366,0.5659423951490652,0.4356534802203305
2018-10-20,6455.485,0.5590809628008753,0.5813672111312764,0.445014245014245
2018-10-21,6453.82,0.558679706601467,0.5866279069767442,0.4219387755102041
2018-10-22,6448.0988,0.5652522017614091,0.6273127753303964,0.4717881944444444
2018-10-23,6434.2538,0.5666666666666667,0.6271604938271605,0.4636194029850746
2018-10-24,6450.31,0.5506264815441924,0.6585903083700441,0.4716981132075472
2018-10-25,6427.3975,0.550016954899966,0.5814506539833532,0.4444943820224719
2018-10-26,6436.9713,0.5654008438818565,0.6463894967177243,0.4618794326241134
2018-10-27,6431.0888,0.5665896843725943,0.5891350210970464,0.4575289575289575
2018-10-28,6426.55,0.5733501471206389,0.6170731707317073,0.4313609467455621
2018-10-29,6285.2338,0.5451127819548872,0.5804169769173492,0.4658444022770398
2018-10-30,6283.5263,0.5474963181148749,0.5725671140939598,0.439940682155215
2018-10-31,6320.4588,0.5737547892720306,0.6713371915930552,0.4588665447897623
2018-11-01,6358.4,0.5566343042071198,0.6215760640539402,0.4671023965141612
2018-11-02,6368.855,0.5485865724381626,0.6146616541353384,0.4354183590576767
2018-11-03,6346.8063,0.5394965277777778,0.5671100362756953,0.4260027662517289
2018-11-04,6439.4788,0.5561818865088313,0.6064516129032258,0.394187779433681
2018-11-05,6420.865,0.5260166156536948,0.6069829901521934,0.4440532081377152
2018-11-06,6465.9875,0.5573834704269487,0.6296009298721426,0.4195979899497487
2018-11-07,6520.1088,0.5664636331064135,0.6172122492080253,0.4420485175202156
2018-11-08,6425.2638,0.563004563004563,0.5962417470797359,0.4325699745547073
2018-11-09,6353.8763,0.5638917437478589,0.5716763005780346,0.402473075388911
2018-11-10,6368.675,0.5668425681618294,0.5685240963855421,0.4271222637479979
2018-11-11,6380.815,0.5533822330888346,0.5433238636363636,0.4154397134898527
2018-11-12,6356.0238,0.534294621979735,0.5947826086956521,0.4155470249520153
2018-11-13,6307.245,0.5471231909636428,0.555039479795634,0.4075297225891677
2018-11-14,5681.9813,0.5170259293970634,0.5433176628609805,0.4361510791366906
2018-11-15,5620.8775,0.4743422766345402,0.5320383451059536,0.4112364243943191
2018-11-16,5548.2338,0.4846870838881491,0.5792525773195877,0.4019856845993996
2018-11-17,5536.0713,0.500508992195453,0.5547355473554736,0.40311986863711
2018-11-18,5582.7,0.4840466926070039,0.5597775718257646,0.4249751573368665
2018-11-19,4785.1538,0.4979770734996628,0.5538566864445459,0.4139336996986349
2018-11-20,4413.8025,0.4737241030823648,0.5494095711622126,0.4199829448550313
2018-11-21,4574.3588,0.4906659236556144,0.561328790459966,0.4139417894358606
2018-11-22,4289.6888,0.5033846153846154,0.5616147308781869,0.4148631029986962
2018-11-23,4319.9938,0.4941215989250924,0.5595980595980596,0.4288645690834473
2018-11-24,3815.9213,0.5143513203214696,0.5411679361624955,0.4155977424320164
2018-11-25,3976.5713,0.4898839137645108,0.5408740359897172,0.4077496757457847
2018-11-26,3761.4213,0.5239943542695836,0.5567665758401453,0.4246134020618556
2018-11-27,3800.1963,0.492014742014742,0.570543093270366,0.4407938257993384
2018-11-28,4241.575,0.5096124504119621,0.5863712843522154,0.4509485094850948
2018-11-29,4263.875,0.5295857988165681,0.5817490494296578,0.427662424648359
2018-11-30,3992.155,0.5138461538461538,0.5697674418604651,0.437629506837961
2018-12-01,4165.6063,0.5324347093513058,0.5624707533926064,0.4264513312963771
2018-12-02,4116.6138,0.5263157894736842,0.5759840558046836,0.4267515923566879
2018-12-03,3855.6833,0.4925373134328358,0.5467494521548576,0.421455938697318
2018-12-04,3929.6283,0.4968248038849458,0.5636553889082665,0.416052416052416
2018-12-05,3722.3917,0.4967295113505194,0.5792772861356932,0.4353741496598639
2018-12-06,3466.15,0.499215070643642,0.5699409927108643,0.4072463768115942
2018-12-07,3404.4567,0.4832953682611997,0.5540464063384267,0.4320057409400789
2018-12-08,3433.3633,0.5058493214787084,0.5649157581764123,0.4267692307692308
2018-12-09,3566.3417,0.4940068493150685,0.578843302026693,0.4127644814429413
2018-12-10,3447.345,0.4946236559139785,0.5618531296205027,0.4369618696186962
2018-12-11,3378.115,0.5178105994787141,0.5431218816821097,0.4285310734463277
2018-12-12,3465.3367,0.5024937655860349,0.5783628136569313,0.4250501576382918
2018-12-13,3292.0883,0.488481228668942,0.5797872340425532,0.4377113866967305
2018-12-14,3223.7633,0.4912572855953372,0.5449945789663896,0.4265250679180044
2018-12-15,3214.385,0.5025960539979232,0.5203289173138419,0.4256510099780968
2018-12-16,3229.1683,0.4929506545820745,0.5703479576399395,0.4180121994976677
2018-12-17,3540.1967,0.5313597591570497,0.5887669464170433,0.4344645991808075
2018-12-18,3703.805,0.525233644859813,0.5981167608286252,0.4281177829099307
2018-12-19,3724.9933,0.5691217014572666,0.6007689842999039,0.4325371207230471
2018-12-20,4107.6867,0.5564270152505446,0.5870712401055409,0.4449178332318929
2018-12-21,3886.305,0.5414634146341464,0.6073446327683616,0.4501359927470535
2018-12-22,4031.895,0.5668034655722755,0.59245960502693,0.4313827032625583
2018-12-23,3987.8817,0.5664826894129453,0.6234631147540983,0.4406466512702078
2018-12-24,4069.8067,0.5677915926583778,0.634841628959276,0.424373795761079
2018-12-25,3823.0583,0.5357323872275722,0.5952662721893491,0.4226865671641791
2018-12-26,3809.19,0.551094890510949,0.5783560023654643,0.4097859327217125
2018-12-27,3632.68,0.546583850931677,0.5686746987951807,0.4090029041626331
2018-12-28,3937.05,0.533751962323391,0.5797847449695835,0.4232365145228215
2018-12-29,3779.7133,0.5337136929460581,0.5882645450024864,0.4393873085339168
2018-12-30,3880.9067,0.550027041644132,0.5885650224215246,0.4184521206821163
2018-12-31,3740.5,0.5747702589807853,0.6325688073394495,0.4351181862035697
2019-01-01,3869.47,0.5529608006672226,0.6275395033860045,0.4553514882837238
2019-01-02,3941.2167,0.5509626274065685,0.6207521522428636,0.4226579520697168
2019-01-03,3832.155,0.5545267489711934,0.6594437257438551,0.4585023976392475
2019-01-04,3863.6267,0.564404061998931,0.6309236947791165,0.4682814302191465
2019-01-05,3835.5983,0.5694444444444444,0.6006207966890843,0.424770198355104
2019-01-06,4083.165,0.5435523114355231,0.5804357904496986,0.4352786309784993
2019-01-07,4041.4583,0.5436507936507936,0.6008316008316008,0.4736598890942698
2019-01-08,4029.9917,0.5268474215842637,0.5734597156398105,0.416796875
2019-01-09,4028.2917,0.547915538711424,0.6015408098085592,0.4346744089589382
2019-01-10,3669.5825,0.5024271844660194,0.5761448349307774,0.4269258459323254
2019-01-11,3660.9583,0.5069356872635561,0.5827137546468402,0.4274362191551652
2019-01-12,3658.6725,0.4928478543563069,0.5740331491712707,0.4394012554321583
2019-01-13,3540.1583,0.5478366849482024,0.5590828924162258,0.4357694053563323
2019-01-14,3706.1725,0.49644128113879,0.5826906598114824,0.4338565022421524
2019-01-15,3604.1333,0.5086306098964327,0.5751346059716104,0.4408879710893134
2019-01-16,3630.2567,0.5266138165345413,0.595755432036382,0.4428137651821862
2019-01-17,3665.41,0.5170149253731343,0.6183504148365057,0.4293727689954105
2019-01-18,3630.785,0.5080862533692723,0.5954901058444547,0.409648082245947
2019-01-19,3708.9633,0.5116938341601701,0.5939716312056738,0.4250778123610493
2019-01-20,3552.8933,0.518,0.5763313609467455,0.4094447327451997
2019-01-21,3548.69,0.5325365205843293,0.5766208251473477,0.4367764915405164
2019-01-22,3598.2183,0.5308504724847137,0.547576301615799,0.4747006566241792
2019-01-23,3576.01,0.5164233576642335,0.5976781425140112,0.4477282752536392
2019-01-24,3598.2717,0.5035971223021583,0.6047251249432076,0.4371011850501367
2019-01-25,3582.2,0.4983232729711603,0.6090595765632694,0.4389914452949122
2019-01-26,3580.775,0.5334620334620335,0.5595307917888563,0.4270015698587127
2019-01-27,3553.0133,0.5176385889128869,0.6140463917525774,0.4423913043478261
2019-01-28,3454.48,0.4995951417004048,0.5513442044953724,0.4345920431557653
2019-01-29,3421.12,0.5173940543959519,0.5653696498054475,0.4246058944482522
2019-01-30,3482.3,0.5050088391278728,0.60650623885918,0.4387397899649942
2019-01-31,3441.985,0.5156349712827059,0.615038823048631,0.4481060606060606
2019-02-01,3468.2517,0.5209505941213258,0.6088746569075938,0.4427350427350427
2019-02-02,3466.2175,0.4836182336182336,0.5746681415929203,0.4468802698145025
2019-02-03,3443.1667,0.4976897689768977,0.5969230769230769,0.4596949891067538
2019-02-04,3451.115,0.4937704918032787,0.5804540967423495,0.4200995925758262
2019-02-05,3472.035,0.4866310160427807,0.5799481417458946,0.4114832535885167
2019-02-06,3393.6717,0.5085421412300684,0.6129136924075276,0.4205607476635514
2019-02-07,3385.97,0.5127092374457533,0.6104897801774007,0.4168190127970749
2019-02-08,3657.4017,0.5304093567251462,0.6231122783978988,0.454647676161919
2019-02-09,3654.3,0.5397183098591549,0.5983783783783784,0.4262720664589823
2019-02-10,3681.0517,0.5013089005235603,0.6270691333982473,0.4397884458909682
2019-02-11,3621.0283,0.5477099236641222,0.6322115384615384,0.447452229299363
2019-02-12,3622.7133,0.5260756192959583,0.5897091722595078,0.4474945533769063
2019-02-13,3605.3133,0.5107559926244623,0.6210815047021944,0.4451901565995526
2019-02-14,3592.91,0.5353293413173653,0.6033578174186779,0.4326489734601902
2019-02-15,3601.0583,0.53125,0.6276248250116659,0.4350180505415162
2019-02-16,3611.975,0.5198799699924981,0.6181930693069307,0.4602456367162249
2019-02-17,3661.7417,0.5294520547945205,0.6148231330713082,0.4376119402985075
2019-02-18,3905.7433,0.5313977042538826,0.6380915438324283,0.4567070435172723
2019-02-19,3922.0983,0.5707629586488061,0.6334080717488789,0.4420131291028446
2019-02-20,3976.79,0.5526024363233666,0.6409562471808751,0.4417637271214642
2019-02-21,3936.34,0.573968253968254,0.6096042685638061,0.4706196581196581
2019-02-22,3979.995,0.5853825136612022,0.5898339204831404,0.4576547231270358
2019-02-23,4145.4383,0.5696551724137932,0.6070717131474104,0.4748722316865417
2019-02-24,3767.305,0.5688524590163935,0.5654732712113781,0.466190833959429
2019-02-25,3852.16,0.5494949494949495,0.586798114016288,0.4449054863992623
2019-02-26,3830.6733,0.5438813349814586,0.5854092526690391,0.4607524384579656
2019-02-27,3832.26,0.5590296495956874,0.5991399904443383,0.456359102244389
2019-02-28,3826.0233,0.5625711035267349,0.6142739273927392,0.4406696208764155
2019-03-01,3850.0717,0.5621096460791117,0.595945945945946,0.4380129589632829
2019-03-02,3845.1133,0.5261121856866537,0.6059498956158664,0.4547346514047867
2019-03-03,3820.1467,0.5413427561837456,0.5787063537492845,0.4441141498216409
2019-03-04,3732.5733,0.5026212319790302,0.5917302288237656,0.4230396902226525
2019-03-05,3880.8,0.5516556291390728,0.6470588235294118,0.4477351916376306
2019-03-06,3884.9983,0.5456953642384106,0.4628754959380313,0.4619422572178477
2019-03-07,3891.7317,0.5287986834887548,0.6165217391304347,0.5087001023541453
2019-03-08,3875.47,0.5439660400242571,0.6234319526627219,0.4982526210683974
2019-03-09,3950.61,0.5425318151373074,0.6259344450833813,0.4687664041994751
2019-03-10,3932.0433,0.5494223363286265,0.6018415178571429,0.4425736620565244
2019-03-11,3882.615,0.5659655831739961,0.6284371327849588,0.4668446817979528
2019-03-12,3891.3467,0.5022194039315155,0.6168344952233411,0.4617428267800212
2019-03-13,3882.8017,0.537025513378967,0.592448233861145,0.4384615384615384
2019-03-14,3885.9883,0.5311953352769679,0.6129651860744297,0.4354417145844224
2019-03-15,3935.415,0.5384160756501182,0.6331401295601773,0.450523311132255
2019-03-16,4022.5383,0.5404068169323805,0.643238799835594,0.490176322418136
2019-03-17,3999.6617,0.5516581632653061,0.5957677699403147,0.4595484477892756
2019-03-18,4004.8117,0.5543683218101823,0.605815061963775,0.4885674288380774
2019-03-19,4033.7183,0.5403916768665851,0.6396900559621179,0.4594472134118713
2019-03-20,4064.0867,0.5477897252090801,0.6597494126859828,0.4800197335964479
2019-03-21,3999.3233,0.5288574793875147,0.6108520559559135,0.4523033969288041
2019-03-22,4003.55,0.5613577023498695,0.589859437751004,0.4406693711967546
2019-03-23,4009.4683,0.5453392517438174,0.6068249258160238,0.4557823129251701
2019-03-24,3994.0283,0.5420369104579631,0.6101609657947686,0.443029490616622
2019-03-25,3929.3083,0.5495251017639078,0.5744075829383887,0.4542698332491157
2019-03-26,3945.325,0.5550031075201989,0.6436684896928901,0.4910210364289379
2019-03-27,4051.9033,0.5505205143906919,0.6325503355704698,0.4646609360076408
2019-03-28,4039.0017,0.5365152386428982,0.6622619510299261,0.4624937903626428
2019-03-29,4119.0183,0.5464895635673624,0.6774317570165321,0.4651944311089774
2019-03-30,4117.8483,0.5710857828434314,0.675739089629282,0.4576599870717517
2019-03-31,4117.51,0.5408163265306123,0.676860934795153,0.4507246376811594
2019-04-01,4156.39,0.598644578313253,0.6510311362717347,0.4713971397139714
2019-04-02,4908.6883,0.5928835489833642,0.639326570256853,0.4909451046972269
2019-04-03,4977.0017,0.5794813979706878,0.6558996262680192,0.463245492371706
2019-04-04,4917.8467,0.5575387505871301,0.6322046109510087,0.4584848484848485
2019-04-05,5053.72,0.5732778548312529,0.6537867078825348,0.46
2019-04-06,5058.34,0.555958549222798,0.6572878228782287,0.4779018941233608
2019-04-07,5208.02,0.5547974413646055,0.6344671201814059,0.4423431734317343
2019-04-08,5296.9317,0.5756880733944955,0.6475017111567419,0.4627532777115614
2019-04-09,5196.985,0.5364910584823587,0.6054633471645919,0.4605614973262032
2019-04-10,5319.705,0.543940795559667,0.6351958895311497,0.4699815837937385
2019-04-11,5046.865,0.5233772128915116,0.6064814814814815,0.4423400673400673
2019-04-12,5088.7483,0.5207131620346094,0.6157556270096463,0.4408241494968855
2019-04-13,5077.7183,0.5305637982195845,0.6109481915933529,0.4443797320908561
2019-04-14,5172.4517,0.5083432657926102,0.6167076167076168,0.4416611733684904
2019-04-15,5033.095,0.556935817805383,0.6215384615384615,0.4484282907662082
2019-04-16,5214.55,0.5574102175012645,0.6170300287947347,0.4523470839260313
2019-04-17,5237.38,0.5502232142857143,0.6234273318872018,0.4423076923076923
2019-04-18,5290.7433,0.5444255800792304,0.673229995810641,0.4655246252676659
2019-04-19,5297.5667,0.5719280719280719,0.6537433155080213,0.4696618805002316
2019-04-20,5326.9383,0.542914979757085,0.6079199303742384,0.4845360824742268
2019-04-21,5305.9967,0.5582779138956948,0.5572709163346613,0.4498740554156171
2019-04-22,5396.5783,0.5462555066079295,0.6089795918367347,0.4788397527341893
2019-04-23,5540.1117,0.5638061360604714,0.6378497327884313,0.4608416130917592
2019-04-24,5454.4483,0.5263419483101391,0.6298463789319678,0.4779566130160951
2019-04-25,5160.64,0.5309959349593496,0.6181205540995882,0.4503392967304133
2019-04-26,5241.025,0.5171736997055937,0.5490417136414881,0.416142904399603
2019-04-27,5247.24,0.5107212475633528,0.6004742145820984,0.4341085271317829
2019-04-28,5266.3467,0.4793783622235505,0.5579268292682927,0.4501226492232216
2019-04-29,5259.6267,0.5106861642294713,0.598384030418251,0.4266277939747327
2019-04-30,5378.6183,0.5205640423031728,0.602502406159769,0.4444444444444444
2019-05-01,5423.66,0.5207808564231738,0.6298342541436464,0.4257294429708222
2019-05-02,5503.3017,0.5439595192915876,0.6052060737527115,0.4524264424914023
2019-05-03,5775.8817,0.5367647058823529,0.5916919959473151,0.4491909385113268
2019-05-04,5876.01,0.5595611285266457,0.5921671018276763,0.4612644701691896
2019-05-05,5823.795,0.531129476584022,0.571830985915493,0.4502008032128514
2019-05-06,5799.6167,0.5252525252525253,0.6177833965444585,0.4468675654242665
2019-05-07,5861.5917,0.5390835579514824,0.6236920777279522,0.4516829533116178
2019-05-08,6029.08,0.5247651579846285,0.5394373965802537,0.4177183240787481
2019-05-09,6187.28,0.5452292441140025,0.5718692165330043,0.4510337323177367
2019-05-10,6375.5617,0.5453441295546558,0.5896506262359921,0.4725161290322581
2019-05-11,7184.64,0.5760709010339734,0.6269662921348315,0.478814540402871
2019-05-12,6979.1317,0.5420944558521561,0.6014760147601476,0.4693660095897709
2019-05-13,7801.2967,0.5443743037504641,0.6472346786248132,0.4762608535008313
2019-05-14,7978.01,0.5780042164441321,0.6464855286473715,0.4858664481769766
2019-05-15,8180.425,0.5641293013555787,0.6471854813903415,0.4581637268204432
2019-05-16,7875.1633,0.5711665443873808,0.6080185553346588,0.464975564347219
2019-05-17,7376.8533,0.5103223469757334,0.5768005098789037,0.4397572955793123
2019-05-18,7259.5067,0.5440180586907449,0.5929839391377852,0.4285109983079526
2019-05-19,8189.3767,0.5630875804057397,0.6181367339709529,0.4712374581939799
2019-05-20,7995.965,0.5383843452082288,0.6013394430736694,0.4435064935064935
2019-05-21,7945.045,0.546028880866426,0.6065628107391449,0.455732946298984
2019-05-22,7623.5133,0.5335406486006219,0.6303763440860215,0.4248502994011976
2019-05-23,7875.9967,0.5204962243797195,0.6098287416232315,0.4535186794092093
2019-05-24,7998.22,0.5609357997823722,0.644356005788712,0.457274011299435
2019-05-25,8063.9483,0.5347798340778558,0.5915168280313509,0.3999258710155671
2019-05-26,8738.18,0.5444444444444444,0.6034289973909802,0.4467548834278513
2019-05-27,8783.0683,0.5845132743362832,0.6348955034832172,0.4815229563269876
2019-05-28,8724.455,0.5299145299145299,0.6377515614156836,0.4532587228439763
2019-05-29,8670.265,0.5389191869112543,0.6185983827493261,0.4477438136826783
2019-05-30,8273.0117,0.5587064676616915,0.6026429010448678,0.4521018015441807
2019-05-31,8544.97,0.5431034482758621,0.5758670520231214,0.4477335800185014
2019-06-01,8553.1267,0.5125768585802124,0.6239270386266095,0.4408179315768777
2019-06-02,8737.3617,0.5524324324324325,0.6212037548315847,0.472127417519909
2019-06-03,8105.13,0.5287356321839081,0.5990265818045676,0.4590562109646079
2019-06-04,7677.3983,0.4991896272285251,0.5602763385146805,0.4350688210652304
2019-06-05,7785.985,0.5366391184573003,0.5688478522681654,0.4521042084168337
2019-06-06,7806.715,0.5202952029520295,0.5617930456640134,0.4429783223374175
2019-06-07,8001.2767,0.5041617122473246,0.6090448013524936,0.4446952595936794
2019-06-08,7928.5417,0.484718826405868,0.6312056737588653,0.4810583283223091
2019-06-09,7634.6483,0.4687302590018951,0.5899109792284867,0.4738805970149253
2019-06-10,8016.6917,0.4961880559085133,0.597892888498683,0.4583690987124463
2019-06-11,7913.8933,0.5011848341232228,0.6179159049360147,0.4569563443492452
2019-06-12,8173.3567,0.4904380012338063,0.6477520733304234,0.4613084112149532
2019-06-13,8232.7533,0.5107868020304569,0.6304347826086957,0.4646559849198869
2019-06-14,8693.765,0.5256739409499358,0.5976138828633406,0.469718817591925
2019-06-15,8857.0783,0.5129053606882858,0.6160259379342288,0.4626462646264626
2019-06-16,8976.5367,0.5408415841584159,0.6279527559055118,0.4978667541844437
2019-06-17,9340.25,0.5463615023474179,0.6550791811510236,0.4765811061127282
2019-06-18,9083.8167,0.5259459459459459,0.608393919365499,0.48226395409494
2019-06-19,9288.5367,0.5401459854014599,0.6418889374726716,0.4656121045392022
2019-06-20,9539.7883,0.5479166666666667,0.6310003664345915,0.4738372093023256
2019-06-21,10232.9167,0.5687468290208016,0.6406926406926406,0.50552353506244
2019-06-22,10695.3683,0.563356875778978,0.5942886544893233,0.5113524185587365
2019-06-23,10860.8233,0.5248192771084338,0.6263947672181608,0.4738872403560831
2019-06-24,11041.8533,0.3809523809523809,0.6357904946653734,0.4619689646400407
2019-06-25,11752.6783,0.3928571428571428,0.6751134644478064,0.4881938690969346
2019-06-26,12907.135,0.5364314400458978,0.6292304375943091,0.4762486126526082
2019-06-27,11170.885,0.5250420168067227,0.5854588097332161,0.4663255199735886
2019-06-28,12356.2783,0.5334218680832227,0.6002687269062815,0.4727351727134477
2019-06-29,11882.5083,0.5198776758409785,0.5876372509150061,0.4706948640483384
2019-06-30,10769.4217,0.5325410299943407,0.5758835758835759,0.4640275387263339
2019-07-01,10599.3267,0.538086532602072,0.6120295462539571,0.4823491655969191
2019-07-02,10850.4,0.515748031496063,0.5827292782855342,0.4820740740740741
2019-07-03,11976.6317,0.5218085106382979,0.6129328838492185,0.4595045922627331
2019-07-04,11151.9183,0.5144012127337039,0.6181015452538632,0.4616588419405321
2019-07-05,10996.4267,0.549398849973863,0.6079745942131263,0.4481298517995766
2019-07-06,11252.4533,0.518362432269717,0.6333795654184003,0.4843564356435643
2019-07-07,11476.4083,0.526602176541717,0.646236559139785,0.4609711124769514
2019-07-08,12294.6567,0.533704390847248,0.6068204613841525,0.4650616559013505
2019-07-09,12563.215,0.5026147588611273,0.6277997364953887,0.4591955359218786
2019-07-10,12096.6533,0.50341796875,0.6076581576026637,0.448402198249542
2019-07-11,11345.7717,0.5202338129496403,0.5379518072289157,0.4642116182572614
2019-07-12,11789.3367,0.4933178384660081,0.5754646840148699,0.4775472988374744
2019-07-13,11350.6283,0.5164609053497943,0.5731511254019293,0.4514940646745804
2019-07-14,10194.21,0.4978813559322034,0.5614241001564946,0.4539411206077873
2019-07-15,10842.4517,0.4538181818181818,0.5504065040650407,0.4496829335539013
2019-07-16,9422.4517,0.4436536180308422,0.5733479572251166,0.447287372660507
2019-07-17,9692.7067,0.4654983570646221,0.5617057328438294,0.451975987993997
2019-07-18,10636.91,0.5,0.5856510745891277,0.4588093806374023
2019-07-19,10526.3917,0.4882716049382716,0.5777439024390244,0.4630969609261939
2019-07-20,10754.29,0.5044529262086515,0.6143878462913316,0.4631061138439916
2019-07-21,10586.2433,0.5143380109823062,0.6014254385964912,0.4575899843505477
2019-07-22,10325.825,0.5182724252491694,0.5937984496124031,0.4354328444060972
2019-07-23,9849.82,0.486013986013986,0.5615114235500879,0.4603839441535776
2019-07-24,9771.5667,0.4931656642974303,0.5889777029869584,0.4614614614614614
2019-07-25,9882.1,0.5307443365695793,0.6583085422864429,0.4491941135248773
2019-07-26,9844.5583,0.5072463768115942,0.6041179223210108,0.4318901795142555
2019-07-27,9466.2717,0.477027027027027,0.6048057259713702,0.4461606354810238
2019-07-28,9527.7717,0.4889466840052016,0.580046403712297,0.4466477809254013
2019-07-29,9501.0317,0.5032840722495895,0.616580310880829,0.4489130434782609
2019-07-30,9588.6033,0.5349730976172176,0.6273481869812145,0.4392324093816631
2019-07-31,10090.535,0.528023598820059,0.6376094404263418,0.4794335805799056
2019-08-01,10405.2067,0.533380182712579,0.6292356185973207,0.4527479892761394
2019-08-02,10526.2167,0.5,0.638236505974454,0.453902987471892
2019-08-03,10818.6983,0.52007136485281,0.6078334159643034,0.4296463506395786
2019-08-04,10979.3133,0.4957841483979764,0.6131868131868132,0.4526484751203852
2019-08-05,11802.0167,0.5018953752843063,0.6340273259596617,0.4995875721748694
2019-08-06,11467.1983,0.48843728100911,0.6156351791530945,0.4574724979876576
2019-08-07,11981.1517,0.5256410256410257,0.6043079377742322,0.4436895740789129
2019-08-08,12010.8983,0.5044987146529563,0.6355140186915887,0.4306177260519248
2019-08-09,11868.7533,0.5212159594680177,0.6209712075633863,0.4532374100719424
2019-08-10,11289.49,0.4872637633525061,0.5951192457016085,0.4337310544985489
2019-08-11,11561.71,0.4829097283085013,0.601421188630491,0.4539810080350621
2019-08-12,11396.5433,0.4837172359015091,0.6451310861423221,0.4519074013694164
2019-08-13,10875.3483,0.5176803394625177,0.6226259289843105,0.44427196522819
2019-08-14,10036.1867,0.4840386043058649,0.5699501724798773,0.4416743613419513
2019-08-15,10307.895,0.4818688981868898,0.5662604722010662,0.4206209724663152
2019-08-16,10358.7683,0.4736129905277402,0.5981421647819063,0.4562962962962963
2019-08-17,10220.6033,0.4914491449144914,0.6080485115766262,0.4429804634257155
2019-08-18,10321.7317,0.4794400699912511,0.5765575501583949,0.4591326105087573
2019-08-19,10924.965,0.5071496663489037,0.6444629475437136,0.4203069657615112
2019-08-20,10776.9083,0.5132819194515853,0.6043027276219747,0.4336012246460007
2019-08-21,10133.3483,0.5329041487839771,0.558974358974359,0.408545197740113
2019-08-22,10113.2,0.5012185215272137,0.5944798301486199,0.4144906215520412
2019-08-23,10406.7433,0.473426001635323,0.5876288659793815,0.4455370650529501
2019-08-24,10147.7633,0.4829268292682926,0.562392179413456,0.4503496503496503
2019-08-25,10138.6683,0.4692737430167598,0.5612485276796231,0.4429629629629629
2019-08-26,10365.1783,0.4866112650046168,0.5958574181117534,0.4313725490196078
2019-08-27,10177.9267,0.5086206896551724,0.56353591160221,0.4443585780525502
2019-08-28,9723.805,0.5022301516503123,0.5572577556491766,0.4121745507884122
2019-08-29,9500.6367,0.4797639123102867,0.5485355648535565,0.4534562211981567
2019-08-30,9588.0717,0.4876385336743393,0.6037284894837476,0.4760306807286673
2019-08-31,9608.6467,0.5,0.58625,0.4499054820415879
2019-09-01,9773.3417,0.5169322709163346,0.5751833740831296,0.4292929292929293
2019-09-02,10386.915,0.5166374781085814,0.6161158895427795,0.4339372514361467
2019-09-03,10634.6433,0.5257586450247,0.639447731755424,0.4488486221215553
2019-09-04,10583.6617,0.5140625,0.6367539716616574,0.4395040615647713
2019-09-05,10580.27,0.569811320754717,0.6181214421252372,0.4595070422535211
2019-09-06,10308.0367,0.5314197051978278,0.6365555086534402,0.4513888888888889
2019-09-07,10488.41,0.5087235996326905,0.581772784019975,0.449224612306153
2019-09-08,10404.6433,0.4985994397759103,0.57592722183345,0.4227642276422764
2019-09-09,10314.9717,0.4757194244604316,0.6194373401534526,0.4327515400410677
2019-09-10,10107.7217,0.5021156558533145,0.6165234001910219,0.4550484094052558
2019-09-11,10164.0867,0.4955823293172691,0.594017094017094,0.4079965606190885
2019-09-12,10433.5567,0.5006765899864682,0.6063189568706119,0.4555499748869914
2019-09-13,10372.5533,0.4916527545909849,0.6081235697940504,0.4098598356694055
2019-09-14,10365.4467,0.4842903575297941,0.6515151515151515,0.4260355029585799
2019-09-15,10312.6683,0.4788583509513742,0.6109167249825053,0.4493580599144079
2019-09-16,10271.015,0.5231259968102073,0.636218799787573,0.4607329842931937
2019-09-17,10199.905,0.4941176470588235,0.6080691642651297,0.4549586776859504
2019-09-18,10165.3267,0.5141242937853108,0.663197729422895,0.4415357766143106
2019-09-19,10282.6567,0.501078360891445,0.6200836820083682,0.4385593220338983
2019-09-20,10179.955,0.5042868277474669,0.6776482513938166,0.4416909620991253
2019-09-21,9989.755,0.5,0.6254545454545455,0.4283870967741935
2019-09-22,10036.7067,0.5269978401727862,0.618421052631579,0.4377763739734681
2019-09-23,9694.5067,0.5523255813953488,0.6154201292705448,0.4231171548117154
2019-09-24,8538.105,0.4931836407377706,0.5852334419109664,0.420391061452514
2019-09-25,8449.9167,0.4706293706293706,0.5856491082538365,0.4438448566610455
2019-09-26,8075.9667,0.4976713240186294,0.5571255551069842,0.444100580270793
2019-09-27,8200.2833,0.4833506763787721,0.5824175824175825,0.4501079913606911
2019-09-28,8221.3783,0.4980694980694981,0.5758865248226951,0.4315843621399177
2019-09-29,8067.2683,0.4907407407407407,0.6058631921824105,0.419672131147541
2019-09-30,8316.8767,0.520434557682359,0.6196738558653341,0.4556546222430783
2019-10-01,8326.58,0.5168589174800355,0.6177494199535963,0.4447186574531095
2019-10-02,8395.2183,0.5096110862762628,0.6414950419527079,0.4279279279279279
2019-10-03,8246.5417,0.5009074410163339,0.6066433566433567,0.4315
2019-10-04,8161.3483,0.4948683623382418,0.5987611837577426,0.4220746039856924
2019-10-05,8153.9767,0.461660497091486,0.5833333333333334,0.4157782515991471
2019-10-06,7868.34,0.4948293691830403,0.5760111576011158,0.453035143769968
2019-10-07,8217.6333,0.4811676082862524,0.5968399592252803,0.4373881932021466
2019-10-08,8191.0717,0.5212064090480678,0.625,0.4328530259365994
2019-10-09,8596.4533,0.5112860892388451,0.6403141361256545,0.4211899791231733
2019-10-10,8590.3733,0.5272727272727272,0.6033210332103321,0.4611288604898828
2019-10-11,8272.395,0.5002516356316055,0.5877192982456141,0.4335060449050086
2019-10-12,8311.8117,0.4709340300457217,0.6151603498542274,0.4073777064955894
2019-10-13,8290.9717,0.4884526558891455,0.6345609065155807,0.4748687171792948
2019-10-14,8362.0733,0.4970092441544317,0.5992982456140351,0.4550601556970983
2019-10-15,8171.27,0.5031152647975078,0.6153846153846154,0.4482539682539682
2019-10-16,8002.8483,0.5,0.5643939393939394,0.4340403517847905
2019-10-17,8081.3133,0.4836027713625866,0.5511332227750139,0.4527415143603133
2019-10-18,7966.2667,0.487480021310602,0.6076124567474048,0.4349533627884143
2019-10-19,7974.0883,0.4700564971751412,0.5492307692307692,0.4510828976848394
2019-10-20,8242.8633,0.496766607877719,0.5903328050713154,0.4624113475177305
2019-10-21,8221.3733,0.5062972292191436,0.6220640569395017,0.4432773109243697
2019-10-22,8034.545,0.5059701492537313,0.6005072923272036,0.4503703703703703
2019-10-23,7478.905,0.4912126537785589,0.533828022697512,0.4316978468055065
2019-10-24,7435.8467,0.4546660769570986,0.5804878048780487,0.428147047901968
2019-10-25,8671.5083,0.487321346242508,0.6024096385542169,0.4526508226691042
2019-10-26,9261.9983,0.527105517909003,0.5755454919720049,0.4399343993439934
2019-10-27,9555.305,0.4918805657412258,0.5882723833543506,0.4608853850818677
2019-10-28,9223.2067,0.505,0.6088730239673635,0.456656346749226
2019-10-29,9437.585,0.5124884366327475,0.636830102622577,0.4319923371647509
2019-10-30,9170.285,0.5113861386138614,0.6134930643127364,0.4339532665712923
2019-10-31,9164.365,0.5163147792706334,0.6314888762122076,0.4341692789968652
2019-11-01,9265.4317,0.5184815184815185,0.6079759217456734,0.455591054313099
2019-11-02,9312.36,0.5002488800398208,0.5851851851851851,0.4477144646211647
2019-11-03,9211.6,0.5267015706806283,0.6046931407942239,0.431726907630522
2019-11-04,9424.185,0.4891416752843847,0.631609529343405,0.4456106870229007
2019-11-05,9326.6033,0.5212716222533894,0.6065573770491803,0.4322614654717975
2019-11-06,9345.69,0.5156831472620946,0.6478260869565218,0.4496499730748519
2019-11-07,9205.8083,0.5016077170418006,0.6092265943012212,0.4420697412823397
2019-11-08,8770.3617,0.5154078549848943,0.556926528323051,0.4686346863468634
2019-11-09,8813.3567,0.4970238095238095,0.540090771558245,0.4177877428998505
2019-11-10,9044.7817,0.4823310601363918,0.6064414768263944,0.4528301886792453
2019-11-11,8726.36,0.4783163265306122,0.6208588957055214,0.4591549295774648
2019-11-12,8820.2333,0.497869750456482,0.6262626262626263,0.4393859184753838
2019-11-13,8775.1017,0.468769716088328,0.6495535714285714,0.4744479495268139
2019-11-14,8639.1833,0.4993403693931398,0.6272899557801642,0.464167585446527
2019-11-15,8471.2783,0.4489795918367347,0.6237267825044938,0.4658354114713217
2019-11-16,8496.6,0.4978571428571428,0.5696913002806361,0.4421518054532056
2019-11-17,8516.08,0.4783491204330176,0.564748201438849,0.4385334291876347
2019-11-18,8191.0667,0.5003182686187142,0.6093080220453154,0.4589235127478753
2019-11-19,8136.2767,0.4841231069858329,0.5718374356038924,0.4293193717277487
2019-11-20,8098.3183,0.4905863367401828,0.6310259579728059,0.4790123456790123
2019-11-21,7633.95,0.5272007912957468,0.5582608695652174,0.4397163120567376
2019-11-22,7292.74,0.5103030303030303,0.5509007121910348,0.4418316831683168
2019-11-23,7335.3217,0.4825129533678756,0.5772549019607843,0.4377791959157626
2019-11-24,6924.8483,0.4713780918727915,0.5462962962962963,0.4236739974126778
2019-11-25,7136.7617,0.4884925201380897,0.540453074433657,0.4581235697940503
2019-11-26,7175.5267,0.4818075117370892,0.5615199034981906,0.4348659003831417
2019-11-27,7531.8283,0.5293434049970948,0.5701990317374933,0.4385674931129477
2019-11-28,7442.2967,0.4779281930547381,0.6061719324026451,0.4487179487179487
2019-11-29,7770.54,0.4884944115713346,0.5704323570432357,0.4704610951008645
2019-11-30,7571.4083,0.4992836676217765,0.5683453237410072,0.4342273307790549
2019-12-01,7420.8417,0.5035612535612536,0.5607569721115537,0.4435342305441779
2019-12-02,7320.8167,0.4798829553767373,0.5849701110162254,0.4298351427422597
2019-12-03,7312.8833,0.505981703026038,0.6179104477611941,0.4513319672131147
2019-12-04,7211.35,0.4722466960352423,0.5606454971369078,0.4690821256038647
2019-12-05,7404.4033,0.4901652242328875,0.5838264299802761,0.4336707511987213
2019-12-06,7556.8817,0.4876419505678023,0.5931464174454829,0.4401002506265664
2019-12-07,7517.2,0.5136986301369864,0.5937211449676824,0.426367461430575
2019-12-08,7539.52,0.518274415817855,0.597165991902834,0.4184451219512195
2019-12-09,7351.3367,0.5144578313253012,0.5980662983425414,0.4180555555555555
2019-12-10,7232.8433,0.4818443804034582,0.6045307443365696,0.4450867052023121
2019-12-11,7213.4767,0.5339622641509434,0.5895104895104896,0.4739556472408458
2019-12-12,7199.51,0.4832172260924636,0.608502538071066,0.4156626506024096
2019-12-13,7263.045,0.4813971146545178,0.6105263157894737,0.4439834024896265
2019-12-14,7077.1517,0.4992458521870286,0.5844504021447721,0.4373593398349587
2019-12-15,7125.8167,0.4836838288614938,0.5490654205607477,0.4122862571247625
2019-12-16,6893.2367,0.5474330357142857,0.5594221930400525,0.4090909090909091
2019-12-17,6633.3717,0.4379821958456973,0.5340393343419062,0.4124101399924328
2019-12-18,7299.7367,0.4997043169722058,0.573268921095008,0.4375303840544482
2019-12-19,7161.965,0.4910659272951325,0.5857321652065082,0.4190231362467866
2019-12-20,7198.785,0.4891684136967156,0.6179001721170396,0.424666242848061
2019-12-21,7150.9133,0.4923694779116466,0.577,0.4456140350877193
2019-12-22,7520.0433,0.4848484848484848,0.6198267564966313,0.4679276315789473
2019-12-23,7324.495,0.5028319697923223,0.6105590062111801,0.4206762028608583
2019-12-24,7261.025,0.483265306122449,0.6075085324232082,0.4429386590584879
2019-12-25,7204.0217,0.5249406175771971,0.6081081081081081,0.4194373401534527
2019-12-26,7205.8033,0.5077650236326806,0.5571177504393673,0.4475939353988134
2019-12-27,7259.67,0.4852515905147484,0.56,0.4622222222222222
2019-12-28,7313.6933,0.5006720430107527,0.6067193675889329,0.4622807017543859
2019-12-29,7397.535,0.49789283564118,0.6045723962743438,0.4698310539018503
2019-12-30,7234.615,0.521551724137931,0.5974643423137876,0.4678086237448317
2019-12-31,7182.4017,0.532171581769437,0.669844020797227,0.4440993788819876
2020-01-01,7188.4633,0.5888483585200626,0.6498545101842871,0.439117199391172
2020-01-02,6961.5683,0.5075604838709677,0.597601598934044,0.412863070539419
2020-01-03,7346.58,0.529441117764471,0.6548347613219094,0.4455077086656034
2020-01-04,7355.855,0.4972205064854849,0.5347633136094675,0.4611365120836055
2020-01-05,7356.3117,0.5028376844494892,0.5368711233631978,0.4432358939496941
2020-01-06,7761.825,0.532319391634981,0.6156036446469249,0.5002992220227409
2020-01-07,8157.7617,0.5397696105320899,0.6303630363036303,0.4673342870767763
2020-01-08,8042.8733,0.5162320383182544,0.6201947719118401,0.4992901088499763
2020-01-09,7816.9233,0.4913165266106442,0.6272609819121447,0.4910878918254456
2020-01-10,8189.265,0.5,0.6135752688172043,0.4482964734010759
2020-01-11,8016.4267,0.530062197650311,0.6049481245011972,0.4569789674952199
2020-01-12,8178.8833,0.5139691714836223,0.635755258126195,0.4479418886198547
2020-01-13,8105.4783,0.5092838196286472,0.6350037397157816,0.4526606772633034
2020-01-14,8807.4267,0.5421108742004265,0.6306984525303221,0.4468848050201703
2020-01-15,8808.4867,0.5076467686235816,0.6197916666666666,0.460841768779968
2020-01-16,8716.9133,0.5119047619047619,0.6328502415458938,0.46189111747851
2020-01-17,8890.25,0.5199193141704488,0.6085568326947637,0.4636251541307028
2020-01-18,8901.17,0.5196137598068798,0.5856079404466501,0.4317507418397626
2020-01-19,8698.5717,0.5064599483204134,0.5599505562422744,0.4420253164556962
2020-01-20,8631.2883,0.4839491217443973,0.582409972299169,0.4191176470588235
2020-01-21,8727.6033,0.4876265466816648,0.6298834818368746,0.4420576596947428
2020-01-22,8661.01,0.4849094567404426,0.6360182370820668,0.4514480408858603
2020-01-23,8392.145,0.4995610184372256,0.5847953216374269,0.4278867102396514
2020-01-24,8436.49,0.4757185332011893,0.6333333333333333,0.4185267857142857
2020-01-25,8337.1017,0.5235718247365502,0.6213991769547325,0.4169675090252707
2020-01-26,8602.7417,0.5030881527231892,0.6706642066420664,0.4432505036937542
2020-01-27,8901.5067,0.5053968253968254,0.6322388059701493,0.460093896713615
2020-01-28,9393.2733,0.5297356828193832,0.6190217391304348,0.4677623261694058
2020-01-29,9290.46,0.5116421568627451,0.6375143843498274,0.4421000981354269
2020-01-30,9508.725,0.5197160883280757,0.6087671232876712,0.4444987775061125
2020-01-31,9346.1333,0.4928631402183039,0.6216882316697474,0.4469122426868905
2020-02-01,9388.6617,0.4931846344485749,0.5945945945945946,0.4589178356713427
2020-02-02,9333.08,0.5131578947368421,0.6314481044126787,0.458072590738423
2020-02-03,9291.6433,0.5434995112414467,0.6352313167259787,0.451741861793261
2020-02-04,9175.3367,0.5026929982046678,0.6192010309278351,0.4631093544137022
2020-02-05,9613.4033,0.4983783783783784,0.6529562982005142,0.466060606060606
2020-02-06,9750.5467,0.5069274653626732,0.6532258064516129,0.4829995342338146
2020-02-07,9808.5967,0.5194274028629857,0.6233243967828418,0.5016146393972013
2020-02-08,9897.6583,0.5075268817204301,0.6123456790123457,0.460848774656306
2020-02-09,10161.2833,0.5176093916755603,0.6375474769397721,0.4858919177427068
2020-02-10,9852.7183,0.5044462409054163,0.6065747613997879,0.471086739780658
2020-02-11,10266.1,0.4688221709006928,0.6256499133448874,0.4772362078200321
2020-02-12,10347.9517,0.5023299161230196,0.6565017261219793,0.4708675010789814
2020-02-13,10230.0783,0.5073260073260073,0.5894428152492669,0.4491931966855648
2020-02-14,10356.7567,0.5095486111111112,0.6409477521263669,0.4436396559529199
2020-02-15,9903.0217,0.4923518164435946,0.605833956619297,0.4746162927981109
2020-02-16,9926.2,0.4477611940298507,0.5791090629800307,0.4417152373022481
2020-02-17,9706.08,0.4679802955665024,0.5758411472697187,0.4416295789113317
2020-02-18,10185.8767,0.4674674674674675,0.6604002425712553,0.4518339379282547
2020-02-19,9593.48,0.5454545454545454,0.6094908551655956,0.4289227742252828
2020-02-20,9607.31,0.5044929396662388,0.6045606229143493,0.4235924932975871
2020-02-21,9695.5583,0.5133333333333333,0.6256983240223464,0.4309511015583019
2020-02-22,9667.8433,0.5018094089264173,0.5631469979296067,0.4579500657030223
2020-02-23,9973.2733,0.4729729729729729,0.6179401993355482,0.4577235772357723
2020-02-24,9664.6333,0.5104052573932092,0.5367770915216171,0.4480082772891878
2020-02-25,9313.92,0.4672985781990521,0.5706926159129937,0.4597445863409217
2020-02-26,8790.12,0.4675438596491228,0.5375347544022243,0.4365768896611642
2020-02-27,8816.585,0.4469483568075117,0.5816062176165803,0.4442240951908775
2020-02-28,8715.6617,0.4819863680623174,0.5618046971569839,0.4283625730994152
2020-02-29,8538.3983,0.4582893347412883,0.5734463276836158,0.415929203539823
2020-03-01,8540.2567,0.4736842105263157,0.5853174603174603,0.430844553243574
2020-03-02,8926.2517,0.4604105571847507,0.6185053380782918,0.4263771186440678
2020-03-03,8768.18,0.4886759581881533,0.6053391053391053,0.4473554127533366
2020-03-04,8767.8867,0.492822966507177,0.6106020942408377,0.4752661239824671
2020-03-05,9073.275,0.5177514792899408,0.6457960644007156,0.4657351962741184
2020-03-06,9165.1517,0.508664627930683,0.596749226006192,0.4621567314132619
2020-03-07,8905.9517,0.4928017718715393,0.6022927689594356,0.4768740031897927
2020-03-08,8050.1883,0.505307855626327,0.5251897860593513,0.4378084896347483
2020-03-09,7944.45,0.4286871961102107,0.5060048038430744,0.4190705128205128
2020-03-10,7899.2267,0.4278350515463917,0.5740740740740741,0.4396751740139211
2020-03-11,7951.17,0.4993694829760403,0.595821325648415,0.4528301886792453
2020-03-12,4914.085,0.410234899328859,0.5168374816983895,0.4507575757575757
2020-03-13,5629.5767,0.4223646723646723,0.5384833854018745,0.460813704496788
2020-03-14,5182.3217,0.4260869565217391,0.5196335078534031,0.4419713831478537
2020-03-15,5360.06,0.4427736006683375,0.5566706021251476,0.4277218664226898
2020-03-16,5043.6783,0.4232331437855402,0.5218417945690673,0.43
2020-03-17,5337.0933,0.4447134786117837,0.5878537735849056,0.4648318042813456
2020-03-18,5411.6217,0.4413919413919414,0.5678184631253224,0.4593202883625129
2020-03-19,6180.27,0.4909404659188956,0.6067307692307692,0.4627897519316795
2020-03-20,6206.6117,0.4635036496350365,0.6132833422603107,0.4834146341463414
2020-03-21,6197.6183,0.4239677744209466,0.5768240343347639,0.4445271779597915
2020-03-22,5803.67,0.4597594819611471,0.5797962648556876,0.4473365617433414
2020-03-23,6492.94,0.4430255402750491,0.5905325443786982,0.456547619047619
2020-03-24,6766.7817,0.4510961214165261,0.5827814569536424,0.4679832435667265
2020-03-25,6687.705,0.473313192346425,0.5713363460296966,0.4555765595463138
2020-03-26,6709.95,0.4646799116997792,0.5461229946524064,0.4403794037940379
2020-03-27,6698.73,0.4567669172932331,0.5832716506291635,0.4637336504161712
2020-03-28,6226.545,0.4688679245283019,0.5435510887772195,0.4508856682769726
2020-03-29,5882.0067,0.4648648648648649,0.5682903533906399,0.419065898912348
2020-03-30,6568.805,0.4595910418695229,0.5717900063251107,0.4615384615384615
2020-03-31,6449.95,0.4570610687022901,0.6139917695473252,0.4498933901918976
2020-04-01,6671.95,0.4915912031047865,0.5708092485549133,0.4575438596491228
2020-04-02,6833.05,0.4988009592326139,0.5838509316770186,0.4906015037593985
2020-04-03,6740.075,0.5236625514403292,0.6045729657027572,0.5003211303789339
2020-04-04,6872.915,0.4509043927648579,0.5700389105058365,0.460546282245827
2020-04-05,6778.61,0.5119418483904465,0.5954198473282443,0.4345076784101174
2020-04-06,7297.75,0.5068928950159067,0.5991379310344828,0.4652439024390244
2020-04-07,7360.37,0.5042517006802721,0.5668449197860963,0.4350750129332643
2020-04-08,7341.15,0.4798041615667074,0.600291757840992,0.4562155541947336
2020-04-09,7314.95,0.4810267857142857,0.5854341736694678,0.4432793136320305
2020-04-10,6909.95,0.4687809712586719,0.5961138098542679,0.4719343696027633
2020-04-11,6814.05,0.4546583850931677,0.5394871794871795,0.421190320470896
2020-04-12,7143.45,0.4764851485148514,0.5922053231939164,0.4641638225255973
2020-04-13,6763.065,0.5155601659751037,0.5675348273773471,0.455023923444976
2020-04-14,6885.1,0.5230078563411896,0.5538362346872985,0.4664295242329924
2020-04-15,6727.15,0.4740566037735849,0.6120290812954395,0.4599686028257457
2020-04-16,7055.8225,0.5060773480662983,0.6144702842377261,0.470311027332705
2020-04-17,7086.85,0.5122520420070011,0.6336317135549873,0.4523060796645702
2020-04-18,7226.61,0.4942648592283629,0.6473354231974922,0.466823253082795
2020-04-19,7170.65,0.490506329113924,0.5992366412213741,0.4502251125562781
2020-04-20,6896.31,0.4691136974037601,0.5531691985332635,0.4566088117489986
2020-04-21,6856.8,0.4580896686159844,0.5786369593709043,0.4272890484739677
2020-04-22,7137.85,0.4556025369978858,0.6218256691832532,0.4491017964071856
2020-04-23,7556.95,0.4769736842105263,0.6409836065573771,0.4451219512195122
2020-04-24,7502.9,0.5054187192118227,0.6521181001283697,0.4346928239545689
2020-04-25,7598.605,0.524364406779661,0.6180193596425912,0.4384485666104553
2020-04-26,7602.64,0.5,0.6166263115415658,0.4466240875912409
2020-04-27,7674.375,0.5093457943925234,0.6139044072004965,0.4433315761729046
2020-04-28,7724.15,0.4920337394564198,0.608355091383812,0.4624031007751938
2020-04-29,8273.45,0.5272206303724928,0.666194188518781,0.488061797752809
2020-04-29,8273.45,0.5272206303724928,0.666194188518781,0.488061797752809
2020-04-29,8273.45,0.5272206303724928,0.666194188518781,0.488061797752809
2020-04-29,8273.45,0.5272206303724928,0.666194188518781,0.488061797752809
2020-04-29,8273.45,0.5272206303724928,0.666194188518781,0.488061797752809
2020-04-29,8273.45,0.5272206303724928,0.666194188518781,0.488061797752809
2020-04-29,8273.45,0.5272206303724928,0.666194188518781,0.488061797752809
2020-04-29,8273.45,0.5272206303724928,0.666194188518781,0.488061797752809
2020-04-30,8740.75,0.518370607028754,0.6145833333333334,0.473701955495617
2020-05-01,8771.5725,0.4541910331384015,0.6102003642987249,0.444636678200692
2020-05-02,8891.445,0.5115546218487395,0.6156156156156156,0.4564479638009049
2020-05-03,8819.01,0.5035677879714577,0.572829131652661,0.4456564082586677
2020-05-04,8801.36,0.4858447488584475,0.5740626920712969,0.4513746409519901
2020-05-05,8900.3,0.5041551246537396,0.6052927927927928,0.4565972222222222
2020-05-06,9248.9475,0.4821763602251407,0.6386554621848739,0.450664518727346
2020-05-07,9375.95,0.4988434849653045,0.6382978723404256,0.5305764411027569
2020-05-08,9986.6675,0.5333333333333333,0.6380051590713671,0.5232426303854876
2020-05-09,9740.815,0.4674397859054415,0.6063829787234043,0.4663536776212832
2020-05-10,8465.45,0.4598930481283422,0.597589244320816,0.4335906308224647
2020-05-11,8857.0625,0.5245901639344263,0.650974025974026,0.5188923395445134
2020-05-12,8729.95,0.4960380348652932,0.6166842661034847,0.4487365669474296
2020-05-13,9099.2,0.5245046923879041,0.6042189854344551,0.4601461886529759
2020-05-14,9582.5825,0.4950819672131147,0.615765989092712,0.46589847399564
2020-05-15,9523.595,0.5342323651452282,0.60595703125,0.4551007941356139
2020-05-16,9465.05,0.5026968716289104,0.5676733780760627,0.4556411114830934
2020-05-17,9775.125,0.524022346368715,0.5766990291262136,0.439463601532567
2020-05-18,9636.55,0.5294705294705294,0.602770083102493,0.4499529337935362
2020-05-19,9789.75,0.5033259423503326,0.603414313854235,0.4441143705904196
2020-05-20,9772.205,0.5166051660516605,0.596039603960396,0.4509379509379509
2020-05-21,9335.15,0.4995313964386129,0.5614418350628072,0.4613964933866503
2020-05-22,9177.8,0.5161290322580645,0.6693855356171833,0.4685314685314685
2020-05-23,9186.8317,0.4775160599571734,0.6104491292392301,0.4676767676767677
2020-05-24,9203.13,0.4149821640903686,0.5869565217391305,0.4856918855350843
2020-05-25,8776.34,0.4797814207650273,0.5736070381231672,0.4617534055186867
2020-05-26,8871.05,0.4916584887144259,0.5764781491002571,0.4684087363494539
2020-05-27,8923.05,0.4639556377079482,0.6118721461187214,0.4609175870858114
2020-05-28,9207.95,0.4704016913319239,0.6334056399132321,0.4607329842931937
2020-05-29,9448.365,0.5,0.6525364836692147,0.5052924791086351
2020-05-30,9550.815,0.5069284064665127,0.6435070306038048,0.4717086834733893
2020-05-31,9545.15,0.485753052917232,0.6378424657534246,0.4708108108108108
2020-06-01,9564.95,0.4897959183673469,0.636038186157518,0.482521186440678
2020-06-02,10136.5,0.4806355511420059,0.6431472081218275,0.4975589910496338
2020-06-03,9594.45,0.4718969555035129,0.6041666666666666,0.4817248459958932
2020-06-04,9529.55,0.5079702444208289,0.6276150627615062,0.4682080924855491
2020-06-05,9836.805,0.5210643015521065,0.6129256428075052,0.481547619047619
2020-06-06,9679.75,0.4993849938499385,0.5658914728682171,0.4471101417666303
2020-06-07,9621.55,0.4793187347931874,0.6046948356807512,0.4748549323017408
2020-06-08,9730.365,0.4858247422680412,0.6506386175807664,0.4539818788745827
2020-06-09,9668.96,0.4988913525498891,0.6276668960770819,0.4857008907641819
2020-06-10,9731.05,0.4920814479638009,0.6850728155339806,0.4984126984126984
2020-06-11,9797.5,0.476552598225602,0.6016483516483516,0.4787326388888889
2020-06-12,9475.95,0.5124851367419738,0.5883201153568853,0.4793002915451895
2020-06-13,9432.3875,0.5204460966542751,0.588512241054614,0.4343807763401109
2020-06-14,9421.895,0.5169029443838604,0.5837716003005259,0.4733163913595934
2020-06-15,9137.25,0.4798255179934569,0.5618037135278514,0.4599287622439893
2020-06-16,9490.7375,0.4732673267326732,0.6092579986385296,0.4834004024144869
2020-06-17,9474.64,0.4731934731934732,0.621808143547274,0.4780902550686723
2020-06-18,9447.25,0.5374531835205992,0.6168091168091168,0.4543869843114468
2020-06-19,9276.15,0.4921104536489152,0.5900709219858156,0.4759586122945831
2020-06-20,9312.005,0.476303317535545,0.6244175209692451,0.4356270810210876
2020-06-21,9339.125,0.4491725768321513,0.6010752688172043,0.4532019704433497
2020-06-22,9474.9,0.4750593824228028,0.6383577052868391,0.4693409742120343
2020-06-23,9591.715,0.4901960784313725,0.648336727766463,0.492600422832981
2020-06-24,9510.3,0.4876476906552094,0.5966777408637873,0.4510658914728682
2020-06-25,9274.1267,0.4917695473251028,0.5695153061224489,0.4679347826086956
2020-06-26,9127.55,0.4954128440366973,0.5662133142448104,0.44
2020-06-27,9164.315,0.4789473684210526,0.555375909458367,0.4381022979985174
2020-06-28,8991.5,0.4244186046511627,0.5483870967741935,0.4571106094808126
2020-06-29,9096.15,0.4802867383512544,0.5532926001357773,0.4531435349940688
2020-06-30,9144.385,0.4706559263521289,0.5410169491525424,0.4402985074626865
2020-07-01,9153.95,0.4993880048959608,0.6339958875942426,0.4571596244131455
2020-07-02,9199.875,0.4643995749202975,0.6096866096866097,0.4665113570180547
2020-07-03,9094.955,0.445754716981132,0.614735226400614,0.4393837910247823
2020-07-04,9083.395,0.4725568942436412,0.6359959555106168,0.4878387769284225
2020-07-05,9075.3125,0.4638783269961977,0.5975103734439834,0.4707943925233644
2020-07-06,9203.25,0.4262672811059907,0.6125,0.4599465954606141
2020-07-07,9265.375,0.4556331006979063,0.5950413223140496,0.4421579532814238
2020-07-08,9279.5833,0.451045104510451,0.6106965174129353,0.5038022813688213
2020-07-09,9403.85,0.4632034632034632,0.622113365990203,0.4631101021566401
2020-07-10,9144.715,0.4768568353067814,0.6015406162464986,0.476878612716763
2020-07-11,9278.05,0.4826700898587933,0.6351626016260162,0.4769488683989941
2020-07-12,9279.05,0.4468965517241379,0.6329555361813426,0.473972602739726
2020-07-13,9294.6625,0.4987341772151898,0.6244343891402715,0.498170731707317
2020-07-14,9202.4067,0.4435797665369649,0.6148597422289613,0.4483627204030226
2020-07-15,9214.1275,0.4714285714285714,0.4809834805993085,0.4280282455187398
2020-07-16,9116.325,0.4492753623188406,0.4623200677392041,0.3604385564184559
2020-07-17,9122.22,0.4417098445595855,0.5762362637362637,0.4224235560588901
2020-07-18,9140.2575,0.4524714828897338,0.5774793388429752,0.4412385643912737
2020-07-19,9156.11,0.4650655021834061,0.5700245700245701,0.4591329068941009
2020-07-20,9185.375,0.5201305767138193,0.6180758017492711,0.4551928783382789
2020-07-21,9206.5125,0.4791889007470651,0.6627140974967062,0.4752223634053367
2020-07-22,9357.195,0.459552495697074,0.6611359285258456,0.4749856239217941
2020-07-23,9511.615,0.4591738712776176,0.5915331807780321,0.4574412532637075
2020-07-24,9544.48,0.4644268774703557,0.6483050847457628,0.4639953542392567
2020-07-25,9601.75,0.4672489082969432,0.6707978311386522,0.4842801985659128
2020-07-26,9712.08,0.5005549389567148,0.6276202219482121,0.4835680751173709
2020-07-27,10300.5,0.5091743119266054,0.6547273313972249,0.506477093206951
2020-07-28,10985.3117,0.4950284090909091,0.6556962025316456,0.4935281837160751
2020-07-29,10982.5,0.5174574753804835,0.6768219832735962,0.4833650190114068
2020-07-30,11053.5,0.5244399185336049,0.623489932885906,0.4974259974259974
2020-07-31,11025.5,0.4936921783010933,0.6440677966101694,0.4957983193277311
2020-08-01,11354.1567,0.5009842519685039,0.66110183639399,0.4857024450891007
2020-08-02,11301.28,0.4936842105263158,0.609568812758417,0.4935437589670014
2020-08-03,11164.445,0.478760045924225,0.638683680322364,0.4737078651685393
2020-08-04,11275.995,0.5017142857142857,0.6357091432685386,0.465648854961832
2020-08-05,11219.5,0.5341772151898734,0.6441681468324453,0.4612676056338028
2020-08-06,11796.8174,0.4967148488830486,0.6364727054589082,0.4502216848045143
2020-08-07,11827.265,0.450199203187251,0.5962314939434724,0.4478616049975973
2020-08-08,11568.5,0.4189886480908152,0.5909763313609467,0.4716675661090124
2020-08-09,11666.45,0.4002574002574002,0.6273792093704246,0.4554156171284634
2020-08-10,12010.28,0.5129310344827587,0.631413612565445,0.4950194889562581
2020-08-11,11832.5,0.4664179104477612,0.6377260981912145,0.4354047424366312
2020-08-12,11342.01,0.4754098360655737,0.6206662134602311,0.4593301435406698
2020-08-13,11565.095,0.4636264929424538,0.6399482870071105,0.4763071895424836
2020-08-14,11759.5,0.4883720930232558,0.6041275797373359,0.4586278586278586
2020-08-15,11895.627,0.4850948509485094,0.6321752265861027,0.4752223634053367
2020-08-16,11908.33,0.4856486796785304,0.6316160903316866,0.4678471575023299
2020-08-17,11856.5,0.4907578558225508,0.6313253012048192,0.4732214228617106
2020-08-18,12327.5,0.5256525652565257,0.5862068965517241,0.4508719693747341
2020-08-19,11918.5,0.5244618395303327,0.5588957055214724,0.4661538461538461
2020-08-20,11833.8974,0.5235602094240838,0.6046511627906976,0.4762919552477357
2020-08-21,11583.1389,0.5069508804448564,0.6053449347420758,0.4734982332155477
2020-08-22,11674.6244,0.488,0.5787781350482315,0.4626116071428571
2020-08-23,11611.5,0.4716024340770791,0.6185286103542235,0.457204767063922
2020-08-24,11744.0127,0.4567627494456763,0.6093163035311796,0.4632316158079039
2020-08-25,11378.726,0.4780157835400225,0.5843857634902411,0.4766666666666667
2020-08-26,11458.8226,0.4797979797979798,0.6021947873799726,0.4512195121951219
2020-08-27,11302.121,0.5110384300899428,0.6096115865701119,0.4559322033898305
2020-08-28,11482.2257,0.4570582428430405,0.6651126651126651,0.4607782581840642
2020-08-29,11515.0444,0.4801980198019802,0.6230110159118727,0.4720406681190995
2020-08-30,11657.0039,0.4941427050053248,0.6439232409381663,0.4726242920075519
2020-08-31,11678.3733,0.503945885005637,0.6281446540880503,0.4402010050251256
2020-09-01,11964.2087,0.4824561403508772,0.6842105263157895,0.458214894826606
2020-09-02,11795.7,0.4887983706720977,0.5852713178294574,0.4238961038961039
2020-09-03,11302.8875,0.4538461538461538,0.5959244532803181,0.4481327800829875
2020-09-04,10292.5983,0.4331419196062346,0.5616698292220114,0.3956386292834891
2020-09-05,10439.5,0.4070796460176991,0.5526132404181184,0.4476861167002012
2020-09-06,10110.44,0.4402390438247012,0.554016620498615,0.4411764705882353
2020-09-07,10164.13,0.4503968253968254,0.5813598166539343,0.445511010728402
2020-09-08,10316.5833,0.4699186991869918,0.5910484365419988,0.4716675661090124
2020-09-09,10032.5,0.4818913480885312,0.6457100591715976,0.4329643296432964
2020-09-10,10341.016,0.4849246231155779,0.6481320590790617,0.4305965741287655
2020-09-11,10380.5396,0.4909871244635193,0.6311154598825832,0.4580882352941176
2020-09-12,10436.3654,0.4737883283877349,0.6353522867737948,0.4816433566433566
2020-09-13,10313.0686,0.4841269841269841,0.5850144092219021,0.4325452016689847
2020-09-14,10680.2976,0.487750556792873,0.6424870466321243,0.4688463911165947
2020-09-15,10829.5053,0.4882772680937818,0.6001371742112482,0.4511331444759207
2020-09-16,11033.3835,0.4683673469387755,0.619757174392936,0.4667729930887825
2020-09-17,10937.1113,0.4471387002909796,0.5942320590207915,0.4379132990448199
2020-09-18,10933.9312,0.5,0.5869410929737402,0.4509677419354839
2020-09-19,11048.8793,0.43611911623439,0.6097328244274809,0.4940209267563528
2020-09-20,10852.9101,0.466504263093788,0.51295799821269,0.4782276546982429
2020-09-21,10526.2029,0.4333748443337484,0.5704180064308682,0.4527925531914893
2020-09-22,10531.1646,0.4489337822671156,0.6195286195286195,0.4883411059293804
2020-09-23,10260.033,0.4622641509433962,0.5628997867803838,0.4392129304286718
2020-09-24,10672.9568,0.480552070263488,0.6030888030888031,0.4338537387017255
2020-09-25,10729.0696,0.5069444444444444,0.6309639727361246,0.4437350359138068
2020-09-26,10741.4765,0.4569892473118279,0.6386449184441656,0.4545454545454545
2020-09-26,10741.4765,0.4569892473118279,0.6386449184441656,0.4545454545454545
2020-09-27,10752.3455,0.4406779661016949,0.6104461371055495,0.4668831168831169
2020-09-27,10752.3455,0.4406779661016949,0.6104461371055495,0.4668831168831169
2020-09-28,10863.0657,0.512280701754386,0.6362038664323374,0.505596107055961
2020-09-28,10863.0657,0.512280701754386,0.6362038664323374,0.505596107055961
2020-09-29,10764.2844,0.5188442211055276,0.5969180859691808,0.4495151169423845
2020-09-29,10764.2844,0.5188442211055276,0.5969180859691808,0.4495151169423845
2020-09-30,10741.5796,0.4769874476987448,0.6437632135306554,0.4746509919177075
2020-09-30,10741.5796,0.4769874476987448,0.6437632135306554,0.4746509919177075
2020-10-01,10626.601,0.4821428571428571,0.5775295663600526,0.4662322274881517
2020-10-01,10626.601,0.4821428571428571,0.5775295663600526,0.4662322274881517
2020-10-02,10567.3302,0.4631696428571428,0.5657894736842105,0.422623723487824
2020-10-02,10567.3302,0.4631696428571428,0.5657894736842105,0.422623723487824
2020-10-03,10555.0287,0.4562584118438761,0.6167582417582418,0.4673659673659673
2020-10-03,10555.0287,0.4562584118438761,0.6167582417582418,0.4673659673659673
2020-10-04,10660.6112,0.4514970059880239,0.6293436293436293,0.4954751131221719
2020-10-04,10660.6112,0.4514970059880239,0.6293436293436293,0.4954751131221719
2020-10-05,10756.4046,0.505,0.6387035271687321,0.4543773119605425
2020-10-05,10756.4046,0.505,0.6387035271687321,0.4543773119605425
2020-10-06,10589.6264,0.4561243144424131,0.5793269230769231,0.4585332419465387
2020-10-06,10589.6264,0.4561243144424131,0.5793269230769231,0.4585332419465387
2020-10-07,10645.7548,0.4502982107355864,0.6041478809738503,0.4584221748400853
2020-10-07,10645.7548,0.4502982107355864,0.6041478809738503,0.4584221748400853
2020-10-08,10897.5954,0.4552036199095022,0.6491228070175439,0.5032051282051282
2020-10-08,10897.5954,0.4552036199095022,0.6491228070175439,0.5032051282051282
2020-10-09,11063.5317,0.4844606946983547,0.6498220640569395,0.5080385852090032
2020-10-09,11063.5317,0.4844606946983547,0.6498220640569395,0.5080385852090032
2020-10-10,11304.4917,0.4675732217573222,0.6956882255389718,0.5024916943521595
2020-10-10,11304.4917,0.4675732217573222,0.6956882255389718,0.5024916943521595
2020-10-11,11377.1683,0.5059978189749182,0.6502835538752363,0.4782312925170068
2020-10-11,11377.1683,0.5059978189749182,0.6502835538752363,0.4782312925170068
2020-10-12,11545.1583,0.5173333333333333,0.6678105696636926,0.485053581500282
2020-10-12,11545.1583,0.5173333333333333,0.6678105696636926,0.485053581500282
2020-10-13,11432.475,0.468667255075022,0.6755629691409508,0.4915550378567268
2020-10-13,11432.475,0.468667255075022,0.6755629691409508,0.4915550378567268
2020-10-14,11430.8717,0.4755905511811024,0.6492307692307693,0.4745308310991957
2020-10-14,11430.8717,0.4755905511811024,0.6492307692307693,0.4745308310991957
2020-10-15,11510.5367,0.4897260273972603,0.6374714394516374,0.4740075614366729
2020-10-15,11510.5367,0.4897260273972603,0.6374714394516374,0.4740075614366729
2020-10-16,11325.5217,0.4711447492904446,0.5973813420621932,0.4524793388429752
2020-10-16,11325.5217,0.4711447492904446,0.5973813420621932,0.4524793388429752
2020-10-17,11369.9133,0.4578441835645678,0.6181818181818182,0.4370860927152318
2020-10-17,11369.9133,0.4578441835645678,0.6181818181818182,0.4370860927152318
2020-10-18,11516.9667,0.4269406392694064,0.6316397228637414,0.4637507489514679
2020-10-18,11516.9667,0.4269406392694064,0.6316397228637414,0.4637507489514679
2020-10-19,11758.5467,0.44,0.6124590163934426,0.4842446709916589
2020-10-19,11758.5467,0.44,0.6124590163934426,0.4842446709916589
2020-10-20,11922.975,0.4778672032193159,0.6009852216748769,0.4870509607351712
2020-10-20,11922.975,0.4778672032193159,0.6009852216748769,0.4870509607351712
2020-10-21,12811.4867,0.5388127853881278,0.6546233925290875,0.5014876927238301
2020-10-21,12811.4867,0.5388127853881278,0.6546233925290875,0.5014876927238301
2020-10-22,12987.9017,0.5687583444592791,0.6259881422924901,0.4717775905644482
2020-10-22,12987.9017,0.5687583444592791,0.6259881422924901,0.4717775905644482
2020-10-23,12940.1067,0.4867132867132867,0.6652078774617067,0.4592917123037605
2020-10-23,12940.1067,0.4867132867132867,0.6652078774617067,0.4592917123037605
2020-10-24,13127.055,0.4550359712230216,0.6458333333333334,0.4765892653216597
2020-10-24,13127.055,0.4550359712230216,0.6458333333333334,0.4765892653216597
2020-10-25,13039.0133,0.4847908745247148,0.6444629475437136,0.4848116646415553
2020-10-25,13039.0133,0.4847908745247148,0.6444629475437136,0.4848116646415553
2020-10-26,13067.8283,0.5235885537509667,0.6063040791100124,0.4623538011695906
2020-10-26,13067.8283,0.5235885537509667,0.6063040791100124,0.4623538011695906
2020-10-27,13638.76,0.495114006514658,0.6252244165170556,0.4624277456647399
2020-10-27,13638.76,0.495114006514658,0.6252244165170556,0.4624277456647399
2020-10-28,13276.4533,0.4699842022116903,0.5804661487236404,0.4455906821963394
2020-10-28,13276.4533,0.4699842022116903,0.5804661487236404,0.4455906821963394
2020-10-29,13459.7983,0.5126050420168067,0.6060975609756097,0.4565217391304347
2020-10-29,13459.7983,0.5126050420168067,0.6060975609756097,0.4565217391304347
2020-10-30,13566.925,0.4739538855678907,0.6088117489986649,0.4590942293644996
2020-10-30,13566.925,0.4739538855678907,0.6088117489986649,0.4590942293644996
2020-10-31,13797.1033,0.4932614555256064,0.6529826812059012,0.4765941761887209
2020-10-31,13797.1033,0.4932614555256064,0.6529826812059012,0.4765941761887209
2020-11-01,13762.97,0.5009041591320073,0.6148346738159071,0.4452027298273786
2020-11-01,13762.97,0.5009041591320073,0.6148346738159071,0.4452027298273786
2020-11-02,13567.2233,0.4636363636363636,0.6195393169181891,0.4723032069970845
2020-11-02,13567.2233,0.4636363636363636,0.6195393169181891,0.4723032069970845
2020-11-03,14030.79,0.472245236122618,0.6339869281045751,0.4596453130655085
2020-11-03,14030.79,0.472245236122618,0.6339869281045751,0.4596453130655085
2020-11-04,14158.81,0.4884080370942813,0.6336633663366337,0.4686536485097636
2020-11-04,14158.81,0.4884080370942813,0.6336633663366337,0.4686536485097636
2020-11-05,15593.555,0.5284391534391535,0.6424015009380863,0.526862185310148
2020-11-05,15593.555,0.5284391534391535,0.6424015009380863,0.526862185310148
2020-11-06,15589.0033,0.5492711370262391,0.6653202538949798,0.4860731840524304
2020-11-06,15589.0033,0.5492711370262391,0.6653202538949798,0.4860731840524304
2020-11-07,14843.945,0.4960629921259842,0.6173708920187794,0.4770258980785296
2020-11-07,14843.945,0.4960629921259842,0.6173708920187794,0.4770258980785296
2020-11-08,15489.47,0.4988416988416988,0.6308243727598566,0.502442996742671
2020-11-08,15489.47,0.4988416988416988,0.6308243727598566,0.502442996742671
2020-11-09,15334.87,0.4794315632011967,0.6298200514138818,0.4754200373366521
2020-11-09,15334.87,0.4794315632011967,0.6298200514138818,0.4754200373366521
2020-11-10,15313.4433,0.4819646968534152,0.6300872093023255,0.4696588868940754
2020-11-10,15313.4433,0.4819646968534152,0.6300872093023255,0.4696588868940754
2020-11-11,15706.54,0.4871299871299871,0.6127002288329519,0.494054054054054
2020-11-11,15706.54,0.4871299871299871,0.6127002288329519,0.494054054054054
2020-11-12,16301.0267,0.502906976744186,0.6364494806421152,0.4504035407445977
2020-11-12,16301.0267,0.502906976744186,0.6364494806421152,0.4504035407445977
2020-11-13,16330.3433,0.5142543859649122,0.6383213694091662,0.4690572585309427
2020-11-13,16330.3433,0.5142543859649122,0.6383213694091662,0.4690572585309427
2020-11-14,16075.7133,0.4788359788359788,0.61792863359443,0.5389159138290479
2020-11-14,16075.7133,0.4788359788359788,0.61792863359443,0.5389159138290479
2020-11-15,15968.245,0.4857357357357357,0.5693215339233039,0.4633320797292215
2020-11-15,15968.245,0.4857357357357357,0.5693215339233039,0.4633320797292215
2020-11-16,16720.605,0.4800531914893617,0.6464445549477872,0.4998618402873722
2020-11-16,16720.605,0.4800531914893617,0.6464445549477872,0.4998618402873722
2020-11-17,17676.335,0.5017341040462427,0.6399590862598022,0.4876943005181347
2020-11-17,17676.335,0.5017341040462427,0.6399590862598022,0.4876943005181347
2020-11-18,17785.2667,0.5074037512339585,0.6125990192380234,0.4877300613496932
2020-11-18,17785.2667,0.5074037512339585,0.6125990192380234,0.4877300613496932
2020-11-19,17815.0783,0.4965317919075144,0.6052894211576846,0.4856572711399351
2020-11-19,17815.0783,0.4965317919075144,0.6052894211576846,0.4856572711399351
2020-11-20,18675.4333,0.507201646090535,0.6270683071701315,0.4895558223289316
2020-11-20,18675.4333,0.507201646090535,0.6270683071701315,0.4895558223289316
2020-11-21,18697.5133,0.5005861664712778,0.5965130759651308,0.4593710691823899
2020-11-21,18697.5133,0.5005861664712778,0.5965130759651308,0.4593710691823899
2020-11-22,18423.5133,0.4634628044766293,0.6125,0.4466130884041331
2020-11-22,18423.5133,0.4634628044766293,0.6125,0.4466130884041331
2020-11-23,18381.7167,0.518213058419244,0.6363636363636364,0.4680337756332931
2020-11-23,18381.7167,0.518213058419244,0.6363636363636364,0.4680337756332931
2020-11-24,19161.2683,0.5342776203966005,0.6370699223085461,0.5124172185430463
2020-11-24,19161.2683,0.5342776203966005,0.6370699223085461,0.5124172185430463
2020-11-25,18723.5467,0.5213613323678494,0.6248730964467005,0.4691625189352953
2020-11-25,18723.5467,0.5213613323678494,0.6248730964467005,0.4691625189352953
2020-11-26,17182.485,0.4163113006396588,0.581719334012912,0.4934507193472192
2020-11-26,17182.485,0.4163113006396588,0.581719334012912,0.4934507193472192
2020-11-27,17156.3033,0.4436964504283965,0.5881690140845071,0.4818548387096774
2020-11-27,17156.3033,0.4436964504283965,0.5881690140845071,0.4818548387096774
2020-11-28,17737.9667,0.4703808180535966,0.5744408945686901,0.4764492753623188
2020-11-28,17737.9667,0.4703808180535966,0.5744408945686901,0.4764492753623188
2020-11-29,18196.5467,0.4808362369337979,0.6212765957446809,0.4447151995126409
2020-11-29,18196.5467,0.4808362369337979,0.6212765957446809,0.4447151995126409
2020-11-30,19708.0967,0.5140679953106683,0.6218120805369127,0.5044396448284137
2020-11-30,19708.0967,0.5140679953106683,0.6218120805369127,0.5044396448284137
2020-12-01,18795.1967,0.4996845425867507,0.5989201696876205,0.47024504084014
2020-12-01,18795.1967,0.4996845425867507,0.5989201696876205,0.47024504084014
2020-12-02,19226.22,0.5151315789473684,0.6242490442381212,0.4740241505195169
2020-12-03,19450.2667,0.5104727707959306,0.635663181067694,0.5007776049766719
2020-12-04,18657.42,0.495,0.5951629863301787,0.4592664719246997
2020-12-05,19157.925,0.5045219638242894,0.6148148148148148,0.48
2020-12-06,19386.7117,0.4957095709570957,0.5765124555160143,0.4751673124339556
2020-12-07,19185.3967,0.4942440521872601,0.6618387909319899,0.4622547389424676
2020-12-08,18322.5533,0.4910265613783202,0.6258000984736583,0.4966465459423206
2020-12-09,18553.92,0.5125268432355047,0.6210087922258214,0.4773310521813516
2020-12-10,18255.9233,0.4705102717031146,0.6237785016286646,0.4944121591417076
2020-12-11,18039.7617,0.5089226701916721,0.6113615870153292,0.5115574081091322
2020-12-12,18811.0617,0.5116279069767442,0.627906976744186,0.4767080745341615
2020-12-13,19168.7533,0.530564263322884,0.6168395363026236,0.4745361231741019
2020-12-14,19274.8733,0.5215272136474411,0.6426767676767676,0.4515108924806746
2020-12-15,19444.5483,0.513189448441247,0.6510989010989011,0.4798868636077938
2020-12-16,21349.8467,0.5463794135248354,0.6600102406554019,0.5381750465549349
2020-12-17,22812.2817,0.5329052969502408,0.6300823810789263,0.5095871238628411
2020-12-18,23133.2867,0.5094231867504283,0.6183006535947713,0.5009515753859167
2020-12-19,23835.305,0.5186587344510546,0.6261237440507668,0.5001177856301531
2020-12-20,23458.9967,0.4765245547760388,0.5966551893753075,0.4893029675638371
2020-12-21,22718.225,0.5057540884312538,0.5983724269985639,0.474025974025974
2020-12-22,23817.3067,0.5106534090909091,0.5938823529411764,0.4734957020057306
2020-12-23,23229.0133,0.5055762081784386,0.600812595226003,0.4775137887144675
2020-12-24,23729.6483,0.4976867151354924,0.605521472392638,0.4764719254375995
2020-12-25,24707.8017,0.5246238030095759,0.6576506955177743,0.5028211085297046
2020-12-26,26445.95,0.5382027871215762,0.6352336048006858,0.5090481360839667
2020-12-27,26248.2767,0.4951856946354883,0.5987124463519313,0.4962043795620438
2020-12-28,27041.8667,0.4978070175438596,0.579152459814905,0.4892897406989853
2020-12-29,27353.9783,0.4984875983061101,0.5543293718166383,0.4937123169681309
2020-12-30,28886.04,0.5102657004830918,0.6202643171806167,0.4977930358018637
2020-12-31,28956.265,0.5553857906799083,0.6199095022624435,0.5015092061575611
2021-01-01,29391.775,0.5475871313672922,0.6399326977005048,0.5106224375698845
2021-01-02,32198.48,0.5183561643835617,0.6032623721316007,0.5012883830792355
2021-01-03,33033.62,0.4882478632478632,0.6390706806282722,0.5288591903931823
2021-01-04,32017.565,0.4887133182844244,0.6068866571018652,0.4843655680309067
2021-01-05,34035.0067,0.4804845222072678,0.5998304366256888,0.5034658367520158
2021-01-06,36826.9783,0.5121082621082621,0.6425734710087371,0.5180571284761545
2021-01-07,39475.6067,0.5002730748225014,0.6215868936716993,0.5178947368421053
2021-01-08,40616.7217,0.4830699774266365,0.592496765847348,0.5021791239921551
2021-01-09,40227.8683,0.4833333333333333,0.5933690882496343,0.5186942766752948
2021-01-10,38191.55,0.4858989424206815,0.5686106346483705,0.5016408813877168
2021-01-11,35463.1883,0.437661665804449,0.5308043354249857,0.4941208393632417
2021-01-12,34059.9133,0.4356495468277945,0.5798173118747282,0.4879637496459926
2021-01-13,37375.8033,0.464797507788162,0.5811232449297972,0.4915378955114054
2021-01-14,39138.075,0.4990642545227698,0.6051817478731631,0.4827395747031207
2021-01-15,36770.0433,0.4910891089108911,0.5923467395548614,0.4822453093502868
2021-01-16,36029.1967,0.4793510324483775,0.5716012084592145,0.4801022270901789
2021-01-17,35845.0217,0.4448640483383685,0.5792540792540792,0.4850491243058522
2021-01-18,36656.9933,0.4738372093023256,0.5880245649948823,0.4732707415213642
2021-01-19,35929.1683,0.5125977410947002,0.5831012070566388,0.4963462619449129
2021-01-20,35510.67,0.485759493670886,0.5659238625812442,0.4837837837837838
2021-01-21,30838.5,0.4633061527057079,0.5468646864686468,0.4634444784337718
2021-01-22,33018.825,0.4586994727592267,0.5358244772026054,0.49527665317139
2021-01-23,32106.7033,0.444121915820029,0.5453947368421053,0.493050475493782
2021-01-24,32297.165,0.4296407185628742,0.5770897832817338,0.4992749119535943
2021-01-25,32255.35,0.4632248939179632,0.6174205967276227,0.5010665529010239
2021-01-26,32518.3583,0.4811320754716981,0.5775427995971802,0.5006567425569177
2021-01-27,30425.3933,0.4515235457063712,0.5680916703393566,0.512576478585996
2021-01-28,33420.045,0.4610123119015047,0.5888047138047138,0.5418031373901051
2021-01-29,34264.01,0.4972640218878248,0.6146169650719108,0.5754437869822485
2021-01-30,34324.2717,0.490272373540856,0.562461155997514,0.5257575757575758
2021-01-31,33129.7433,0.4857142857142857,0.5747863247863247,0.5198233562315996
